원본 데이터셋,원본 테이블,원본 칼럼명,스키마상의 설명,스키마 자료형,스키마 Nullable,행 수,결측 수,결측률,고유값 수,실제 값 예시,실제 Python 자료형,분류,대상 클래스,대상 속성,속성 구분,RDF 자료형,단위 또는 코드 체계,필수 여부,변환 규칙,결측치 처리,비고 및 불확실성
PRBD01N001,domestic_bond,after_tax_yield,개인 세후 운용수익률,double precision,YES,21882,21248,97.1026%,474,3.2464 | 3.361 | 3.7969,float,기준일이 있는 관측값,YieldObservation,metricValue,DataProperty,xsd:decimal,PERCENT (스키마 의미 기준; 값 범위 자동 환산 금지),조건부,MetricObservation으로 생성; 대응 기준일이 없으면 asOfDate를 생성하지 않음; 0과 결측을 구분,노드를 생성하지 않으며 false/0/해당없음으로 치환하지 않음,실제 값 기반 프로파일; 코드 의미는 공식 코드표 없이는 미확정
PRBD01N001,domestic_bond,applied_yield,민평수익률/민평금리,double precision,YES,21882,0,0.0000%,3162,3.714 | 3.847 | 4.49,"float,int",기준일이 있는 관측값,YieldObservation,metricValue,DataProperty,xsd:decimal,PERCENT (스키마 의미 기준; 값 범위 자동 환산 금지),실제 전행 존재(스키마상 선택),MetricObservation으로 생성; 대응 기준일이 없으면 asOfDate를 생성하지 않음; 0과 결측을 구분,노드를 생성하지 않으며 false/0/해당없음으로 치환하지 않음,실제 값 기반 프로파일; 코드 의미는 공식 코드표 없이는 미확정
PRBD01N001,domestic_bond,avg_annual_tax_yield,세후 연평균수익률,double precision,YES,21882,21248,97.1026%,1,0,int,기준일이 있는 관측값,YieldObservation,metricValue,DataProperty,xsd:decimal,PERCENT (스키마 의미 기준; 값 범위 자동 환산 금지),조건부,MetricObservation으로 생성; 대응 기준일이 없으면 asOfDate를 생성하지 않음; 0과 결측을 구분,노드를 생성하지 않으며 false/0/해당없음으로 치환하지 않음,실제 값 기반 프로파일; 코드 의미는 공식 코드표 없이는 미확정
PRBD01N001,domestic_bond,bdbns_abl_chnl_nm,채권매매가능채널구분명,text,YES,21882,21248,97.1026%,1,온오프 겸용,str,코드 또는 분류 개념,RawCodeValue,codeValue,DataProperty,xsd:string,스키마에 명시 없음,조건부,공식 코드표/설명 칼럼이 없으면 의미를 추정하지 않고 UNMAPPED_CODE로 보존,노드를 생성하지 않으며 false/0/해당없음으로 치환하지 않음,실제 값 기반 프로파일; 코드 의미는 공식 코드표 없이는 미확정
PRBD01N001,domestic_bond,bdbns_abl_chnl_tcd,채권매매가능채널구분코드,text,YES,21882,21248,97.1026%,1,0,str,코드 또는 분류 개념,RawCodeValue,codeValue,DataProperty,xsd:string,스키마에 명시 없음,조건부,공식 코드표/설명 칼럼이 없으면 의미를 추정하지 않고 UNMAPPED_CODE로 보존,노드를 생성하지 않으며 false/0/해당없음으로 치환하지 않음,실제 값 기반 프로파일; 코드 의미는 공식 코드표 없이는 미확정
PRBD01N001,domestic_bond,bd_inrt_tcd,금리구분,text,YES,21882,0,0.0000%,3,고정금리 | 변동금리 | 고정+변동금리,str,코드 또는 분류 개념,RawCodeValue,codeValue,DataProperty,xsd:string,PERCENT (스키마 의미 기준; 값 범위 자동 환산 금지),실제 전행 존재(스키마상 선택),공식 코드표/설명 칼럼이 없으면 의미를 추정하지 않고 UNMAPPED_CODE로 보존,노드를 생성하지 않으며 false/0/해당없음으로 치환하지 않음,실제 값 기반 프로파일; 코드 의미는 공식 코드표 없이는 미확정
PRBD01N001,domestic_bond,bd_intp_tcd,이자지급구분,text,YES,21882,0,0.0000%,4,이표채 | 복리채 | 단리채,str,코드 또는 분류 개념,RawCodeValue,codeValue,DataProperty,xsd:string,스키마에 명시 없음,실제 전행 존재(스키마상 선택),공식 코드표/설명 칼럼이 없으면 의미를 추정하지 않고 UNMAPPED_CODE로 보존,노드를 생성하지 않으며 false/0/해당없음으로 치환하지 않음,실제 값 기반 프로파일; 코드 의미는 공식 코드표 없이는 미확정
PRBD01N001,domestic_bond,bd_knd,예탁원 기준 채권종류명,text,YES,21882,152,0.6946%,32,유동화회사채 | 일반지방공사채 | MBS,str,상품의 직접 속성,SourceFieldAssertion,rawValue,DataProperty,xsd:string,스키마에 명시 없음,조건부,원본 값과 정규화 값을 함께 보존; 별도 의미가 확인되기 전 추론에 사용하지 않음,노드를 생성하지 않으며 false/0/해당없음으로 치환하지 않음,실제 값 기반 프로파일; 코드 의미는 공식 코드표 없이는 미확정
PRBD01N001,domestic_bond,bd_ofr_tcd,모집구분,text,YES,21882,0,0.0000%,2,공모 | 사모,str,코드 또는 분류 개념,RawCodeValue,codeValue,DataProperty,xsd:string,스키마에 명시 없음,실제 전행 존재(스키마상 선택),공식 코드표/설명 칼럼이 없으면 의미를 추정하지 않고 UNMAPPED_CODE로 보존,노드를 생성하지 않으며 false/0/해당없음으로 치환하지 않음,실제 값 기반 프로파일; 코드 의미는 공식 코드표 없이는 미확정
PRBD01N001,domestic_bond,bd_tisu_a,총발행금액,"numeric(26,8)",YES,21882,0,0.0000%,2790,10000000000 | 110000000000 | 130000000000,int,상품의 직접 속성,Bond,totalIssueAmount,DataProperty,xsd:decimal,통화는 행의 통화 칼럼과 결합; 없으면 UNKNOWN,실제 전행 존재(스키마상 선택),발행 시점 총액; 통화 코드와 함께 저장,노드를 생성하지 않으며 false/0/해당없음으로 치환하지 않음,실제 값 기반 프로파일; 코드 의미는 공식 코드표 없이는 미확정
PRBD01N001,domestic_bond,buyable_quantity,매수가능수량,double precision,YES,21882,21248,97.1026%,297,689393000 | 159859000 | 133785000,int,현재 온톨로지 의미계층에 미반영,SourceFieldAssertion,rawValue,DataProperty,xsd:decimal,COUNT,조건부,주최 측 규칙상 매수가능 판단에 사용할 수 없는 무효 지표; present 값과 0은 UNUSABLE_BY_POLICY assertion으로만 보존하고 metric/fact/filter/ranking 및 SaleLot 판정에는 사용하지 않음,노드를 생성하지 않으며 false/0/해당없음으로 치환하지 않음,실제 값 기반 프로파일; 코드 의미는 공식 코드표 없이는 미확정
PRBD01N001,domestic_bond,buy_yield,매수수익률/매수금리,double precision,YES,21882,21248,97.1026%,348,3.42 | 3.52 | 3.825,"float,int",기준일이 있는 관측값,YieldObservation,metricValue,DataProperty,xsd:decimal,PERCENT (스키마 의미 기준; 값 범위 자동 환산 금지),조건부,MetricObservation으로 생성; 대응 기준일이 없으면 asOfDate를 생성하지 않음; 0과 결측을 구분,노드를 생성하지 않으며 false/0/해당없음으로 치환하지 않음,실제 값 기반 프로파일; 코드 의미는 공식 코드표 없이는 미확정
PRBD01N001,domestic_bond,corp_after_tax_yield,법인 세후 투자수익률,double precision,YES,21882,21248,97.1026%,469,3.2464 | 3.361 | 3.7969,float,기준일이 있는 관측값,YieldObservation,metricValue,DataProperty,xsd:decimal,PERCENT (스키마 의미 기준; 값 범위 자동 환산 금지),조건부,MetricObservation으로 생성; 대응 기준일이 없으면 asOfDate를 생성하지 않음; 0과 결측을 구분,노드를 생성하지 않으며 false/0/해당없음으로 치환하지 않음,실제 값 기반 프로파일; 코드 의미는 공식 코드표 없이는 미확정
PRBD01N001,domestic_bond,corp_pretax_yield,법인 세전 투자수익률,double precision,YES,21882,21248,97.1026%,447,3.4529 | 3.5699 | 4.019,float,기준일이 있는 관측값,YieldObservation,metricValue,DataProperty,xsd:decimal,PERCENT (스키마 의미 기준; 값 범위 자동 환산 금지),조건부,MetricObservation으로 생성; 대응 기준일이 없으면 asOfDate를 생성하지 않음; 0과 결측을 구분,노드를 생성하지 않으며 false/0/해당없음으로 치환하지 않음,실제 값 기반 프로파일; 코드 의미는 공식 코드표 없이는 미확정
PRBD01N001,domestic_bond,cov,컨벡시티,double precision,YES,21882,16,0.0731%,15801,0.2915 | 1.6036 | 62.2844,"float,int",기준일이 있는 관측값,MetricObservation,metricValue,DataProperty,xsd:decimal,스키마에 명시 없음,조건부,MetricObservation으로 생성; 대응 기준일이 없으면 asOfDate를 생성하지 않음; 0과 결측을 구분,노드를 생성하지 않으며 false/0/해당없음으로 치환하지 않음,실제 값 기반 프로파일; 코드 의미는 공식 코드표 없이는 미확정
PRBD01N001,domestic_bond,crd_grd,적용신용등급,text,YES,21882,4020,18.3713%,15,AAA | AA+ | AA0,str,기준일이 있는 관측값,CreditRatingObservation,rawValue,DataProperty,xsd:string,스키마에 명시 없음,조건부,채권 신용등급; crd_grd_dt와 결합하고 평가기관은 생성하지 않음,노드를 생성하지 않으며 false/0/해당없음으로 치환하지 않음,실제 값 기반 프로파일; 코드 의미는 공식 코드표 없이는 미확정
PRBD01N001,domestic_bond,crd_grd_dt,신용등급 적용일자(등급 미변경 시 과거 일자로 유지될 수 있음),text,YES,21882,4006,18.3073%,2151,20251212 | 20241025 | 20150602,str,출처·관리용 메타데이터,CreditRatingObservation,asOfDate,DataProperty,xsd:date,스키마에 명시 없음,조건부,신용등급 적용일; 등급 미변경 시 과거 날짜일 수 있음,노드를 생성하지 않으며 false/0/해당없음으로 치환하지 않음,실제 값 기반 프로파일; 코드 의미는 공식 코드표 없이는 미확정
PRBD01N001,domestic_bond,curr_cd,통화코드,text,YES,21882,0,0.0000%,2,KRW | 000,str,코드 또는 분류 개념,RawCodeValue,codeValue,DataProperty,xsd:string,스키마에 명시 없음,실제 전행 존재(스키마상 선택),공식 코드표/설명 칼럼이 없으면 의미를 추정하지 않고 UNMAPPED_CODE로 보존,노드를 생성하지 않으며 false/0/해당없음으로 치환하지 않음,실제 값 기반 프로파일; 코드 의미는 공식 코드표 없이는 미확정
PRBD01N001,domestic_bond,depo_equiv_yield_154,예금환산수익률(세율 15.4 기준),double precision,YES,21882,21248,97.1026%,415,3.837 | 3.972 | 4.488,float,기준일이 있는 관측값,YieldObservation,metricValue,DataProperty,xsd:decimal,PERCENT (스키마 의미 기준; 값 범위 자동 환산 금지),조건부,MetricObservation으로 생성; 대응 기준일이 없으면 asOfDate를 생성하지 않음; 0과 결측을 구분,노드를 생성하지 않으며 false/0/해당없음으로 치환하지 않음,실제 값 기반 프로파일; 코드 의미는 공식 코드표 없이는 미확정
PRBD01N001,domestic_bond,depo_equiv_yield_495,은행환산수익률(세율 49.5 기준),double precision,YES,21882,21248,97.1026%,445,5.523 | 5.739 | 6.545,"float,int",기준일이 있는 관측값,YieldObservation,metricValue,DataProperty,xsd:decimal,PERCENT (스키마 의미 기준; 값 범위 자동 환산 금지),조건부,MetricObservation으로 생성; 대응 기준일이 없으면 asOfDate를 생성하지 않음; 0과 결측을 구분,노드를 생성하지 않으며 false/0/해당없음으로 치환하지 않음,실제 값 기반 프로파일; 코드 의미는 공식 코드표 없이는 미확정
PRBD01N001,domestic_bond,dirty,이자부단가/Dirty Price,double precision,YES,21882,16,0.0731%,16603,9994.15 | 9946.45 | 8781.44,"float,int",기준일이 있는 관측값,PriceObservation,metricValue,DataProperty,xsd:decimal,스키마에 명시 없음,조건부,MetricObservation으로 생성; 대응 기준일이 없으면 asOfDate를 생성하지 않음; 0과 결측을 구분,노드를 생성하지 않으며 false/0/해당없음으로 치환하지 않음,실제 값 기반 프로파일; 코드 의미는 공식 코드표 없이는 미확정
PRBD01N001,domestic_bond,dur,듀레이션,double precision,YES,21882,16,0.0731%,14587,0.499 | 1.1481 | 7.376,"float,int",기준일이 있는 관측값,MetricObservation,metricValue,DataProperty,xsd:decimal,스키마에 명시 없음,조건부,MetricObservation으로 생성; 대응 기준일이 없으면 asOfDate를 생성하지 않음; 0과 결측을 구분,노드를 생성하지 않으며 false/0/해당없음으로 치환하지 않음,실제 값 기반 프로파일; 코드 의미는 공식 코드표 없이는 미확정
PRBD01N001,domestic_bond,eval_price,평가일단가/Clean Price 성격,double precision,YES,21882,0,0.0000%,16605,9994.15 | 9946.45 | 8781.44,"float,int",기준일이 있는 관측값,PriceObservation,metricValue,DataProperty,xsd:decimal,스키마에 명시 없음,실제 전행 존재(스키마상 선택),Clean Price 성격; pd_std_info_update 기준일 연결,노드를 생성하지 않으며 false/0/해당없음으로 치환하지 않음,실제 값 기반 프로파일; 코드 의미는 공식 코드표 없이는 미확정
PRBD01N001,domestic_bond,exg_close_price,장내 채권종가,double precision,YES,21882,4136,18.9014%,283,0 | 9589 | 8566,"float,int",기준일이 있는 관측값,PriceObservation,metricValue,DataProperty,xsd:decimal,스키마에 명시 없음,조건부,MetricObservation으로 생성; 대응 기준일이 없으면 asOfDate를 생성하지 않음; 0과 결측을 구분,노드를 생성하지 않으며 false/0/해당없음으로 치환하지 않음,실제 값 기반 프로파일; 코드 의미는 공식 코드표 없이는 미확정
PRBD01N001,domestic_bond,exg_close_price_base_dt,장내 채권종가/종가수익률 기준일,text,YES,21882,20612,94.1961%,99,20250930 | 20231031 | 20230331,str,출처·관리용 메타데이터,SourceFieldAssertion,rawValue,DataProperty,xsd:string,PERCENT (스키마 의미 기준; 값 범위 자동 환산 금지),조건부,YYYYMMDD 형식 검증 후 날짜 의미에 맞는 개체에 연결; 불명확하면 원본만 보존,노드를 생성하지 않으며 false/0/해당없음으로 치환하지 않음,실제 값 기반 프로파일; 코드 의미는 공식 코드표 없이는 미확정
PRBD01N001,domestic_bond,exg_close_yield,장내 종가수익률,double precision,YES,21882,4136,18.9014%,299,0 | 2.906 | 4.562,"float,int",기준일이 있는 관측값,YieldObservation,metricValue,DataProperty,xsd:decimal,PERCENT (스키마 의미 기준; 값 범위 자동 환산 금지),조건부,MetricObservation으로 생성; 대응 기준일이 없으면 asOfDate를 생성하지 않음; 0과 결측을 구분,노드를 생성하지 않으며 false/0/해당없음으로 치환하지 않음,실제 값 기반 프로파일; 코드 의미는 공식 코드표 없이는 미확정
PRBD01N001,domestic_bond,exrt_grte_ern_r,만기보장수익률,"numeric(20,12)",YES,21882,0,0.0000%,19,0 | 5 | 2,"float,int",기준일이 있는 관측값,YieldObservation,metricValue,DataProperty,xsd:decimal,PERCENT (스키마 의미 기준; 값 범위 자동 환산 금지),실제 전행 존재(스키마상 선택),만기보장수익률; 구분 코드와 source 기준일 보존,노드를 생성하지 않으며 false/0/해당없음으로 치환하지 않음,실제 값 기반 프로파일; 코드 의미는 공식 코드표 없이는 미확정
PRBD01N001,domestic_bond,exrt_grte_ern_r_tcd,만기보장수익률구분코드,text,YES,21882,0,0.0000%,6,99 | 01 | 04,str,코드 또는 분류 개념,RawCodeValue,codeValue,DataProperty,xsd:string,PERCENT (스키마 의미 기준; 값 범위 자동 환산 금지),실제 전행 존재(스키마상 선택),공식 코드표/설명 칼럼이 없으면 의미를 추정하지 않고 UNMAPPED_CODE로 보존,노드를 생성하지 않으며 false/0/해당없음으로 치환하지 않음,실제 값 기반 프로파일; 코드 의미는 공식 코드표 없이는 미확정
PRBD01N001,domestic_bond,exrt_rpy_r,만기상환율,"numeric(20,12)",YES,21882,0,0.0000%,101,100 | 0 | 127.6282,"float,int",기준일이 있는 관측값,MetricObservation,metricValue,DataProperty,xsd:decimal,스키마에 명시 없음,실제 전행 존재(스키마상 선택),만기상환율; 상품 고정값으로 단정하지 않고 source 기준일 보존,노드를 생성하지 않으며 false/0/해당없음으로 치환하지 않음,실제 값 기반 프로파일; 코드 의미는 공식 코드표 없이는 미확정
PRBD01N001,domestic_bond,info_base_dt,판매/민평 공통 기준일,text,NO,21882,0,0.0000%,1,20260821,str,출처·관리용 메타데이터,SourceRecord,snapshotDate/asOfDate,DataProperty,xsd:string,스키마에 명시 없음,필수,YYYYMMDD를 xsd:date로 변환; 원본도 보존,노드를 생성하지 않으며 false/0/해당없음으로 치환하지 않음,실제 값 기반 프로파일; 코드 의미는 공식 코드표 없이는 미확정
PRBD01N001,domestic_bond,info_seq,동일 종목/시장/기준일 내 판매 LOT 구분 순번,bigint,NO,21882,0,0.0000%,3,1 | 2 | 3,int,출처·관리용 메타데이터,BondOfferLot,lotSequence,DataProperty,xsd:integer,스키마에 명시 없음,필수,pd_no+pd_exg_mkt+info_base_dt+info_seq 원본 행 키의 일부,노드를 생성하지 않으며 false/0/해당없음으로 치환하지 않음,실제 값 기반 프로파일; 코드 의미는 공식 코드표 없이는 미확정
PRBD01N001,domestic_bond,isu_bal_amt,발행잔액/발행금액잔액,double precision,YES,21882,0,0.0000%,2947,10000000000 | 110000000000 | 130000000000,"float,int",기준일이 있는 관측값,MetricObservation,metricValue,DataProperty,xsd:decimal,통화는 행의 통화 칼럼과 결합; 없으면 UNKNOWN,실제 전행 존재(스키마상 선택),MetricObservation으로 생성; 대응 기준일이 없으면 asOfDate를 생성하지 않음; 0과 결측을 구분,노드를 생성하지 않으며 false/0/해당없음으로 치환하지 않음,실제 값 기반 프로파일; 코드 의미는 공식 코드표 없이는 미확정
PRBD01N001,domestic_bond,isu_dt,발행일자,text,YES,21882,1,0.0046%,2487,20251223 | 20241025 | 20150602,str,상품의 직접 속성,Bond,issueDate,DataProperty,xsd:date,스키마에 명시 없음,조건부,YYYYMMDD를 xsd:date로 검증 변환,노드를 생성하지 않으며 false/0/해당없음으로 치환하지 않음,실제 값 기반 프로파일; 코드 의미는 공식 코드표 없이는 미확정
PRBD01N001,domestic_bond,mat_dt,상환일자(영구채는 1차 콜행사개시일),text,YES,21882,1,0.0046%,3798,20270223 | 20271025 | 20350602,str,상품의 직접 속성,Bond,maturityOrFirstCallDate,DataProperty,xsd:date,스키마에 명시 없음,조건부,영구채는 1차 콜행사개시일일 수 있으므로 일반 만기로 단정하지 않음,노드를 생성하지 않으며 false/0/해당없음으로 치환하지 않음,실제 값 기반 프로파일; 코드 의미는 공식 코드표 없이는 미확정
PRBD01N001,domestic_bond,ndy_applied_yield,익일 민평수익률/민평금리,double precision,YES,21882,16,0.0731%,3155,3.714 | 3.847 | 4.49,"float,int",기준일이 있는 관측값,YieldObservation,metricValue,DataProperty,xsd:decimal,PERCENT (스키마 의미 기준; 값 범위 자동 환산 금지),조건부,MetricObservation으로 생성; 대응 기준일이 없으면 asOfDate를 생성하지 않음; 0과 결측을 구분,노드를 생성하지 않으며 false/0/해당없음으로 치환하지 않음,실제 값 기반 프로파일; 코드 의미는 공식 코드표 없이는 미확정
PRBD01N001,domestic_bond,ndy_cov,익일 컨벡시티,double precision,YES,21882,16,0.0731%,15726,0.2893 | 1.5965 | 61.2515,"float,int",기준일이 있는 관측값,MetricObservation,metricValue,DataProperty,xsd:decimal,스키마에 명시 없음,조건부,MetricObservation으로 생성; 대응 기준일이 없으면 asOfDate를 생성하지 않음; 0과 결측을 구분,노드를 생성하지 않으며 false/0/해당없음으로 치환하지 않음,실제 값 기반 프로파일; 코드 의미는 공식 코드표 없이는 미확정
PRBD01N001,domestic_bond,ndy_dirty,익일 이자부단가,double precision,YES,21882,16,0.0731%,16508,9995.15 | 9947.48 | 8782.51,"float,int",기준일이 있는 관측값,PriceObservation,metricValue,DataProperty,xsd:decimal,스키마에 명시 없음,조건부,MetricObservation으로 생성; 대응 기준일이 없으면 asOfDate를 생성하지 않음; 0과 결측을 구분,노드를 생성하지 않으며 false/0/해당없음으로 치환하지 않음,실제 값 기반 프로파일; 코드 의미는 공식 코드표 없이는 미확정
PRBD01N001,domestic_bond,ndy_dur,익일 듀레이션,double precision,YES,21882,16,0.0731%,14476,0.4971 | 1.1471 | 7.291,"float,int",기준일이 있는 관측값,MetricObservation,metricValue,DataProperty,xsd:decimal,스키마에 명시 없음,조건부,MetricObservation으로 생성; 대응 기준일이 없으면 asOfDate를 생성하지 않음; 0과 결측을 구분,노드를 생성하지 않으며 false/0/해당없음으로 치환하지 않음,실제 값 기반 프로파일; 코드 의미는 공식 코드표 없이는 미확정
PRBD01N001,domestic_bond,ndy_eval_price,익일 평가일단가,double precision,YES,21882,16,0.0731%,16503,9995.15 | 9947.48 | 8782.51,"float,int",기준일이 있는 관측값,PriceObservation,metricValue,DataProperty,xsd:decimal,스키마에 명시 없음,조건부,익일 평가단가; 익일 관측 의미를 metricType에 보존,노드를 생성하지 않으며 false/0/해당없음으로 치환하지 않음,실제 값 기반 프로파일; 코드 의미는 공식 코드표 없이는 미확정
PRBD01N001,domestic_bond,pd_abrv_eng_nm,상품영문약어명,text,YES,21882,14,0.0640%,20481,First 5G 84th SEC1-14 | GH24-10-83(T) | KHFCMBS2015-11(1-8),str,상품의 직접 속성,FinancialProduct,englishAbbreviatedName,DataProperty,xsd:string,스키마에 명시 없음,조건부,공백 정리 외 의미 추론 금지,노드를 생성하지 않으며 false/0/해당없음으로 치환하지 않음,실제 값 기반 프로파일; 코드 의미는 공식 코드표 없이는 미확정
PRBD01N001,domestic_bond,pd_abrv_nm,상품약어명,text,YES,21882,14,0.0640%,20476,퍼스트파이브지84차유1-14 | 경기주택도시공사24-10-83(지) | 주택금융공사MBS2015-11(1-8),str,상품의 직접 속성,FinancialProduct,abbreviatedName,DataProperty,xsd:string,스키마에 명시 없음,조건부,공백 정리 외 의미 추론 금지,노드를 생성하지 않으며 false/0/해당없음으로 치환하지 않음,실제 값 기반 프로파일; 코드 의미는 공식 코드표 없이는 미확정
PRBD01N001,domestic_bond,pd_ctry_cd,국가코드: 종목번호 앞 2자리(KR 등),text,YES,21882,0,0.0000%,2,KR | XS,str,코드 또는 분류 개념,RawCodeValue,codeValue,DataProperty,xsd:string,스키마에 명시 없음,실제 전행 존재(스키마상 선택),공식 코드표/설명 칼럼이 없으면 의미를 추정하지 않고 UNMAPPED_CODE로 보존,노드를 생성하지 않으며 false/0/해당없음으로 치환하지 않음,실제 값 기반 프로파일; 코드 의미는 공식 코드표 없이는 미확정
PRBD01N001,domestic_bond,pd_eng_nm,상품영문명,text,YES,21882,5,0.0228%,20491,First 5G Eighty Fourth Securitization Specialty1-14 | GYEONGGI HOUSING&URBAN DEVELOPMENT24-10-83(T) | Korea Housing Finance CorporationMBS2015-11(1-8),str,상품의 직접 속성,FinancialProduct,englishName,DataProperty,xsd:string,스키마에 명시 없음,조건부,공백 정리 외 의미 추론 금지,노드를 생성하지 않으며 false/0/해당없음으로 치환하지 않음,실제 값 기반 프로파일; 코드 의미는 공식 코드표 없이는 미확정
PRBD01N001,domestic_bond,pd_exg_mkt,거래구분,text,NO,21882,0,0.0000%,2,장내 | 장외,str,코드 또는 분류 개념,RawCodeValue,codeValue,DataProperty,xsd:string,스키마에 명시 없음,필수,공식 코드표/설명 칼럼이 없으면 의미를 추정하지 않고 UNMAPPED_CODE로 보존,노드를 생성하지 않으며 false/0/해당없음으로 치환하지 않음,실제 값 기반 프로파일; 코드 의미는 공식 코드표 없이는 미확정
PRBD01N001,domestic_bond,pd_nm,상품명/채권명,text,YES,21882,0,0.0000%,20499,퍼스트파이브지제팔십사차유동화전문1-14 | 경기주택도시공사24-10-83(지) | 한국주택금융공사 MBS2015-11(1-8)(콜),str,상품의 직접 속성,FinancialProduct,productName,DataProperty,xsd:string,스키마에 명시 없음,실제 전행 존재(스키마상 선택),공백 정리 외 의미 추론 금지,노드를 생성하지 않으며 false/0/해당없음으로 치환하지 않음,실제 값 기반 프로파일; 코드 의미는 공식 코드표 없이는 미확정
PRBD01N001,domestic_bond,pd_no,상품번호/채권종목번호,text,NO,21882,0,0.0000%,20497,KR60143NEFC6 | KR353601GEA5 | KR354408G566,str,식별자,ProductIdentifier,identifierValue,DataProperty,xsd:string,스키마에 명시 없음,필수,identifierType=ISIN; 빈 값과 0/전부 0 sentinel은 identity에 사용하지 않고 원본 assertion에 보존; 형식 검증 상태를 별도 기록,노드를 생성하지 않으며 false/0/해당없음으로 치환하지 않음,실제 값 기반 프로파일; 코드 의미는 공식 코드표 없이는 미확정
PRBD01N001,domestic_bond,pd_pbcm,발행기관/발행자명,text,YES,21882,149,0.6809%,1818,퍼스트파이브지제팔십사차유동화전문( | 경기주택도시공사 | 한국주택금융공사,str,관계,Issuer,issuedBy,ObjectProperty,xsd:string,스키마에 명시 없음,조건부,원본 문자열/코드를 보존하고 exact 정규화만 수행; fuzzy 병합 금지,노드를 생성하지 않으며 false/0/해당없음으로 치환하지 않음,실제 값 기반 프로파일; 코드 의미는 공식 코드표 없이는 미확정
PRBD01N001,domestic_bond,pd_pen_tr_yn,퇴직연금 편입 가능 여부,text,YES,21882,0,0.0000%,2,N | Y,str,코드 또는 분류 개념,RawCodeValue,codeValue,DataProperty,xsd:string,스키마에 명시 없음,실제 전행 존재(스키마상 선택),공식 코드표/설명 칼럼이 없으면 의미를 추정하지 않고 UNMAPPED_CODE로 보존,노드를 생성하지 않으며 false/0/해당없음으로 치환하지 않음,실제 값 기반 프로파일; 코드 의미는 공식 코드표 없이는 미확정
PRBD01N001,domestic_bond,pd_risk_gcd,상품위험등급 원문 코드,text,YES,21882,0,0.0000%,7,15 | 16 | 11,str,코드 또는 분류 개념,RawCodeValue,codeValue,DataProperty,xsd:string,스키마에 명시 없음,실제 전행 존재(스키마상 선택),공식 코드표/설명 칼럼이 없으면 의미를 추정하지 않고 UNMAPPED_CODE로 보존,노드를 생성하지 않으며 false/0/해당없음으로 치환하지 않음,실제 값 기반 프로파일; 코드 의미는 공식 코드표 없이는 미확정
PRBD01N001,domestic_bond,pd_risk_nm,상품위험등급명,text,YES,21882,0,0.0000%,7,낮은위험(5등급) | 매우낮은위험(6등급) | 매우높은위험(1등급),str,관계,RiskGrade,hasRiskGrade,ObjectProperty,xsd:string,스키마에 명시 없음,실제 전행 존재(스키마상 선택),원본 문자열/코드를 보존하고 exact 정규화만 수행; fuzzy 병합 금지,노드를 생성하지 않으며 false/0/해당없음으로 치환하지 않음,실제 값 기반 프로파일; 코드 의미는 공식 코드표 없이는 미확정
PRBD01N001,domestic_bond,pd_std_info_update,민평정보 기준일/최근 업데이트 일자,text,YES,21882,0,0.0000%,1,20260821,str,출처·관리용 메타데이터,SourceRecord,snapshotDate/asOfDate,DataProperty,xsd:string,스키마에 명시 없음,실제 전행 존재(스키마상 선택),YYYYMMDD를 xsd:date로 변환; 원본도 보존,노드를 생성하지 않으며 false/0/해당없음으로 치환하지 않음,실제 값 기반 프로파일; 코드 의미는 공식 코드표 없이는 미확정
PRBD01N001,domestic_bond,pref_tax_yield,세금우대 세후 운용수익률,double precision,YES,21882,21248,97.1026%,469,3.3255 | 3.441 | 3.882,float,기준일이 있는 관측값,YieldObservation,metricValue,DataProperty,xsd:decimal,PERCENT (스키마 의미 기준; 값 범위 자동 환산 금지),조건부,MetricObservation으로 생성; 대응 기준일이 없으면 asOfDate를 생성하지 않음; 0과 결측을 구분,노드를 생성하지 않으며 false/0/해당없음으로 치환하지 않음,실제 값 기반 프로파일; 코드 의미는 공식 코드표 없이는 미확정
PRBD01N001,domestic_bond,remaining_days,잔존일수,double precision,YES,21882,5,0.0228%,3795,186 | 430 | 3207,int,기준일이 있는 관측값,MetricObservation,metricValue,DataProperty,xsd:decimal,DAY,조건부,MetricObservation으로 생성; 대응 기준일이 없으면 asOfDate를 생성하지 않음; 0과 결측을 구분,노드를 생성하지 않으며 false/0/해당없음으로 치환하지 않음,실제 값 기반 프로파일; 코드 의미는 공식 코드표 없이는 미확정
PRBD01N001,domestic_bond,sale_yield_base_dt,판매수익률 기준일,text,YES,21882,21248,97.1026%,1,20260821,str,출처·관리용 메타데이터,SourceFieldAssertion,rawValue,DataProperty,xsd:string,PERCENT (스키마 의미 기준; 값 범위 자동 환산 금지),조건부,YYYYMMDD 형식 검증 후 날짜 의미에 맞는 개체에 연결; 불명확하면 원본만 보존,노드를 생성하지 않으며 false/0/해당없음으로 치환하지 않음,실제 값 기반 프로파일; 코드 의미는 공식 코드표 없이는 미확정
PRBD01N001,domestic_bond,srfc_irt,표면이자율/쿠폰금리,double precision,YES,21882,1,0.0046%,3699,3.112 | 3.178 | 2.69,"float,int",기준일이 있는 관측값,YieldObservation,metricValue,DataProperty,xsd:decimal,PERCENT (스키마 의미 기준; 값 범위 자동 환산 금지),조건부,MetricObservation으로 생성; 대응 기준일이 없으면 asOfDate를 생성하지 않음; 0과 결측을 구분,노드를 생성하지 않으며 false/0/해당없음으로 치환하지 않음,실제 값 기반 프로파일; 코드 의미는 공식 코드표 없이는 미확정
PRBD01N001,domestic_bond,std_pd_mcls_nm,상품중분류명,text,YES,21882,0,0.0000%,3,회사채 | 특수채 | 국공채,str,상품의 직접 속성,SourceFieldAssertion,rawValue,DataProperty,xsd:string,스키마에 명시 없음,실제 전행 존재(스키마상 선택),원본 값과 정규화 값을 함께 보존; 별도 의미가 확인되기 전 추론에 사용하지 않음,노드를 생성하지 않으며 false/0/해당없음으로 치환하지 않음,실제 값 기반 프로파일; 코드 의미는 공식 코드표 없이는 미확정
PRBD01N001,domestic_bond,std_pd_scls_nm,상품소분류명,text,YES,21882,0,0.0000%,13,일반사채 | 공사채 | 공모지방채,str,상품의 직접 속성,SourceFieldAssertion,rawValue,DataProperty,xsd:string,스키마에 명시 없음,실제 전행 존재(스키마상 선택),원본 값과 정규화 값을 함께 보존; 별도 의미가 확인되기 전 추론에 사용하지 않음,노드를 생성하지 않으며 false/0/해당없음으로 치환하지 않음,실제 값 기반 프로파일; 코드 의미는 공식 코드표 없이는 미확정
PRBD01N001,domestic_bond,trade_price,매매단가(표준투입단가),double precision,YES,21882,21248,97.1026%,391,10188 | 10059 | 9343,int,기준일이 있는 관측값,PriceObservation,metricValue,DataProperty,xsd:decimal,스키마에 명시 없음,조건부,MetricObservation으로 생성; 대응 기준일이 없으면 asOfDate를 생성하지 않음; 0과 결측을 구분,노드를 생성하지 않으며 false/0/해당없음으로 치환하지 않음,실제 값 기반 프로파일; 코드 의미는 공식 코드표 없이는 미확정
PREF01N001,domestic_etp,cu_base_index,기초지수,text,YES,1780,1724,96.8539%,19,Rogers International Commodity TR | KRX 미디어통신 | MSCI ACWI,str,관계,Index,tracks,ObjectProperty,xsd:string,스키마에 명시 없음,조건부,원본 문자열/코드를 보존하고 exact 정규화만 수행; fuzzy 병합 금지,노드를 생성하지 않으며 false/0/해당없음으로 치환하지 않음,실제 값 기반 프로파일; 코드 의미는 공식 코드표 없이는 미확정
PREF01N001,domestic_etp,cu_charge_etc_rt,기타비용요율,text,YES,1780,1563,87.8090%,1,0,str,기준일이 있는 관측값,FeeObservation,metricValue,DataProperty,xsd:decimal,PERCENT (스키마 의미 기준; 값 범위 자동 환산 금지),조건부,기타비용요율; 비교 사용은 단위 검증 후 허용,노드를 생성하지 않으며 false/0/해당없음으로 치환하지 않음,실제 값 기반 프로파일; 코드 의미는 공식 코드표 없이는 미확정
PREF01N001,domestic_etp,cu_charge_rt,총보수요율,text,YES,1780,1563,87.8090%,17,0 | 0.49 | 0.52,str,기준일이 있는 관측값,FeeObservation,metricValue,DataProperty,xsd:decimal,PERCENT (스키마 의미 기준; 값 범위 자동 환산 금지),조건부,보수율; text 타입은 decimal 파싱 성공 시에만 관측값 생성,노드를 생성하지 않으며 false/0/해당없음으로 치환하지 않음,실제 값 기반 프로파일; 코드 의미는 공식 코드표 없이는 미확정
PREF01N001,domestic_etp,cu_fund_mgmt_co,운용사,text,YES,1780,0,0.0000%,100,KB | 삼성 | iM에셋,str,관계,Organization,managedBy/issuedBy,ObjectProperty,xsd:string,스키마에 명시 없음,실제 전행 존재(스키마상 선택),"원본 문자열/코드를 보존하고 exact 정규화만 수행; fuzzy 병합 금지; ETF는 AssetManager/managedBy, ETN은 Issuer/issuedBy",노드를 생성하지 않으며 false/0/해당없음으로 치환하지 않음,실제 값 기반 프로파일; 코드 의미는 공식 코드표 없이는 미확정
PREF01N001,domestic_etp,cu_lev_fector,배수,text,YES,1780,182,10.2247%,7,1 | 1.5 | 2,str,상품의 직접 속성,ExchangeTradedProduct,leverageFactor,DataProperty,xsd:string,스키마에 명시 없음,조건부,명시값만 decimal로 변환; 결측에서 배수를 추론하지 않음,노드를 생성하지 않으며 false/0/해당없음으로 치환하지 않음,실제 값 기반 프로파일; 코드 의미는 공식 코드표 없이는 미확정
PREF01N001,domestic_etp,cu_strtegy,운용전략,text,YES,1780,155,8.7079%,4,액티브 | 합성복제 | 실물복제,str,상품의 직접 속성,ExchangeTradedProduct,strategyDescription,DataProperty,xsd:string,스키마에 명시 없음,조건부,원문을 보존하고 요약값으로 대체하지 않음,노드를 생성하지 않으며 false/0/해당없음으로 치환하지 않음,실제 값 기반 프로파일; 코드 의미는 공식 코드표 없이는 미확정
PREF01N001,domestic_etp,cu_upt_dt,변동갱신일자,text,YES,1780,182,10.2247%,22,20260824 | 20260706 | 20260421,str,출처·관리용 메타데이터,SourceRecord,snapshotDate/asOfDate,DataProperty,xsd:string,스키마에 명시 없음,조건부,YYYYMMDD를 xsd:date로 변환; 원본도 보존,노드를 생성하지 않으며 false/0/해당없음으로 치환하지 않음,실제 값 기반 프로파일; 코드 의미는 공식 코드표 없이는 미확정
PREF01N001,domestic_etp,du_bpr,기준가,"numeric(28,2)",YES,1780,4,0.2247%,1427,9800 | 11410 | 10175,int,기준일이 있는 관측값,NAVObservation,metricValue,DataProperty,xsd:decimal,스키마에 명시 없음,조건부,MetricObservation으로 생성; 대응 기준일이 없으면 asOfDate를 생성하지 않음; 0과 결측을 구분,노드를 생성하지 않으며 false/0/해당없음으로 치환하지 않음,실제 값 기반 프로파일; 코드 의미는 공식 코드표 없이는 미확정
PREF01N001,domestic_etp,du_chas_errt,추적오차율,"numeric(28,2)",YES,1780,182,10.2247%,497,35.14 | 0.34 | 0.25,"float,int",기준일이 있는 관측값,MetricObservation,metricValue,DataProperty,xsd:decimal,스키마에 명시 없음,조건부,추적오차율; du_chas_errt_base_dt 연결,노드를 생성하지 않으며 false/0/해당없음으로 치환하지 않음,실제 값 기반 프로파일; 코드 의미는 공식 코드표 없이는 미확정
PREF01N001,domestic_etp,du_chas_errt_base_dt,추적오차율 기준일,text,YES,1780,182,10.2247%,22,20260821 | 20260707 | 20260422,str,출처·관리용 메타데이터,SourceFieldAssertion,rawValue,DataProperty,xsd:string,스키마에 명시 없음,조건부,YYYYMMDD 형식 검증 후 날짜 의미에 맞는 개체에 연결; 불명확하면 원본만 보존,노드를 생성하지 않으며 false/0/해당없음으로 치환하지 않음,실제 값 기반 프로파일; 코드 의미는 공식 코드표 없이는 미확정
PREF01N001,domestic_etp,du_clpr,종가,"numeric(28,2)",YES,1780,4,0.2247%,1436,9050 | 11250 | 10185,int,기준일이 있는 관측값,PriceObservation,metricValue,DataProperty,xsd:decimal,스키마에 명시 없음,조건부,MetricObservation으로 생성; 대응 기준일이 없으면 asOfDate를 생성하지 않음; 0과 결측을 구분,노드를 생성하지 않으며 false/0/해당없음으로 치환하지 않음,실제 값 기반 프로파일; 코드 의미는 공식 코드표 없이는 미확정
PREF01N001,domestic_etp,du_diff_rt,괴리율,"numeric(28,2)",YES,1780,182,10.2247%,303,-0.11 | 0.28 | 0.06,"float,int",기준일이 있는 관측값,MetricObservation,metricValue,DataProperty,xsd:decimal,스키마에 명시 없음,조건부,가격-NAV 괴리율; 전용 기준일 또는 기준일 일치 여부와 함께 사용,노드를 생성하지 않으며 false/0/해당없음으로 치환하지 않음,실제 값 기반 프로파일; 코드 의미는 공식 코드표 없이는 미확정
PREF01N001,domestic_etp,du_diff_rt_base_dt,괴리율 기준일,text,YES,1780,182,10.2247%,22,20260821 | 20260707 | 20260422,str,출처·관리용 메타데이터,SourceFieldAssertion,rawValue,DataProperty,xsd:string,스키마에 명시 없음,조건부,YYYYMMDD 형식 검증 후 날짜 의미에 맞는 개체에 연결; 불명확하면 원본만 보존,노드를 생성하지 않으며 false/0/해당없음으로 치환하지 않음,실제 값 기반 프로파일; 코드 의미는 공식 코드표 없이는 미확정
PREF01N001,domestic_etp,du_er_1d,수익률_1D,"numeric(28,2)",YES,1780,195,10.9551%,692,-7.65 | -1.4 | 0.1,"float,int",기준일이 있는 관측값,ReturnObservation,metricValue,DataProperty,xsd:decimal,PERCENT (스키마 의미 기준; 값 범위 자동 환산 금지),조건부,MetricObservation으로 생성; 대응 기준일이 없으면 asOfDate를 생성하지 않음; 0과 결측을 구분,노드를 생성하지 않으며 false/0/해당없음으로 치환하지 않음,실제 값 기반 프로파일; 코드 의미는 공식 코드표 없이는 미확정
PREF01N001,domestic_etp,du_er_1m,수익률_1M,"numeric(28,2)",YES,1780,196,11.0112%,1093,8.51 | -1.19 | 0.59,"float,int",기준일이 있는 관측값,ReturnObservation,metricValue,DataProperty,xsd:decimal,PERCENT (스키마 의미 기준; 값 범위 자동 환산 금지),조건부,MetricObservation으로 생성; 대응 기준일이 없으면 asOfDate를 생성하지 않음; 0과 결측을 구분,노드를 생성하지 않으며 false/0/해당없음으로 치환하지 않음,실제 값 기반 프로파일; 코드 의미는 공식 코드표 없이는 미확정
PREF01N001,domestic_etp,du_er_1y,수익률_1Y,"numeric(28,2)",YES,1780,364,20.4494%,1205,-20.23 | 4.12 | -0.78,"float,int",기준일이 있는 관측값,ReturnObservation,metricValue,DataProperty,xsd:decimal,PERCENT (스키마 의미 기준; 값 범위 자동 환산 금지),조건부,MetricObservation으로 생성; 대응 기준일이 없으면 asOfDate를 생성하지 않음; 0과 결측을 구분,노드를 생성하지 않으며 false/0/해당없음으로 치환하지 않음,실제 값 기반 프로파일; 코드 의미는 공식 코드표 없이는 미확정
PREF01N001,domestic_etp,du_er_3m,수익률_3M,"numeric(28,2)",YES,1780,227,12.7528%,1181,-27.95 | -5.26 | 0.54,"float,int",기준일이 있는 관측값,ReturnObservation,metricValue,DataProperty,xsd:decimal,PERCENT (스키마 의미 기준; 값 범위 자동 환산 금지),조건부,MetricObservation으로 생성; 대응 기준일이 없으면 asOfDate를 생성하지 않음; 0과 결측을 구분,노드를 생성하지 않으며 false/0/해당없음으로 치환하지 않음,실제 값 기반 프로파일; 코드 의미는 공식 코드표 없이는 미확정
PREF01N001,domestic_etp,du_er_6m,수익률_6M,"numeric(28,2)",YES,1780,294,16.5169%,1220,-44.32 | 1.9 | 0.79,"float,int",기준일이 있는 관측값,ReturnObservation,metricValue,DataProperty,xsd:decimal,PERCENT (스키마 의미 기준; 값 범위 자동 환산 금지),조건부,MetricObservation으로 생성; 대응 기준일이 없으면 asOfDate를 생성하지 않음; 0과 결측을 구분,노드를 생성하지 않으며 false/0/해당없음으로 치환하지 않음,실제 값 기반 프로파일; 코드 의미는 공식 코드표 없이는 미확정
PREF01N001,domestic_etp,du_er_ytd,수익률_YTD,"numeric(28,2)",YES,1780,303,17.0225%,1254,-41.16 | 2.65 | 0.74,"float,int",기준일이 있는 관측값,ReturnObservation,metricValue,DataProperty,xsd:decimal,PERCENT (스키마 의미 기준; 값 범위 자동 환산 금지),조건부,MetricObservation으로 생성; 대응 기준일이 없으면 asOfDate를 생성하지 않음; 0과 결측을 구분,노드를 생성하지 않으며 false/0/해당없음으로 치환하지 않음,실제 값 기반 프로파일; 코드 의미는 공식 코드표 없이는 미확정
PREF01N001,domestic_etp,du_hpr,고가,"numeric(28,2)",YES,1780,4,0.2247%,1386,9470 | 11500 | 10185,int,기준일이 있는 관측값,PriceObservation,metricValue,DataProperty,xsd:decimal,스키마에 명시 없음,조건부,고가; 해당 일간 갱신일 연결,노드를 생성하지 않으며 false/0/해당없음으로 치환하지 않음,실제 값 기반 프로파일; 코드 의미는 공식 코드표 없이는 미확정
PREF01N001,domestic_etp,du_last_aum,최종AUM,"numeric(28,2)",YES,1780,182,10.2247%,1171,53907833000 | 7292135500 | 554345617000,int,기준일이 있는 관측값,AUMObservation,metricValue,DataProperty,xsd:decimal,통화는 행의 통화 칼럼과 결합; 없으면 UNKNOWN,조건부,MetricObservation으로 생성; 대응 기준일이 없으면 asOfDate를 생성하지 않음; 0과 결측을 구분,노드를 생성하지 않으며 false/0/해당없음으로 치환하지 않음,실제 값 기반 프로파일; 코드 의미는 공식 코드표 없이는 미확정
PREF01N001,domestic_etp,du_last_nav,최종NAV,"numeric(28,2)",YES,1780,182,10.2247%,1583,9060.14 | 11218.67 | 10178.95,"float,int",기준일이 있는 관측값,NAVObservation,metricValue,DataProperty,xsd:decimal,스키마에 명시 없음,조건부,MetricObservation으로 생성; 대응 기준일이 없으면 asOfDate를 생성하지 않음; 0과 결측을 구분,노드를 생성하지 않으며 false/0/해당없음으로 치환하지 않음,실제 값 기반 프로파일; 코드 의미는 공식 코드표 없이는 미확정
PREF01N001,domestic_etp,du_lpr,시가,"numeric(28,2)",YES,1780,4,0.2247%,1362,8915 | 11180 | 10175,int,기준일이 있는 관측값,PriceObservation,metricValue,DataProperty,xsd:decimal,스키마에 명시 없음,조건부,저가; 해당 일간 갱신일 연결,노드를 생성하지 않으며 false/0/해당없음으로 치환하지 않음,실제 값 기반 프로파일; 코드 의미는 공식 코드표 없이는 미확정
PREF01N001,domestic_etp,du_nav_base_dt,NAV 기준일,text,YES,1780,182,10.2247%,22,20260821 | 20260707 | 20260422,str,출처·관리용 메타데이터,SourceFieldAssertion,rawValue,DataProperty,xsd:string,스키마에 명시 없음,조건부,YYYYMMDD 형식 검증 후 날짜 의미에 맞는 개체에 연결; 불명확하면 원본만 보존,노드를 생성하지 않으며 false/0/해당없음으로 치환하지 않음,실제 값 기반 프로파일; 코드 의미는 공식 코드표 없이는 미확정
PREF01N001,domestic_etp,du_nav_rnf_amt,전일NAV등락금액,"numeric(28,2)",YES,1780,182,10.2247%,1506,-690.38 | -187.11 | 0.63,"float,int",기준일이 있는 관측값,NAVObservation,metricValue,DataProperty,xsd:decimal,통화는 행의 통화 칼럼과 결합; 없으면 UNKNOWN,조건부,MetricObservation으로 생성; 대응 기준일이 없으면 asOfDate를 생성하지 않음; 0과 결측을 구분,노드를 생성하지 않으며 false/0/해당없음으로 치환하지 않음,실제 값 기반 프로파일; 코드 의미는 공식 코드표 없이는 미확정
PREF01N001,domestic_etp,du_nav_yday,전일NAV,"numeric(28,2)",YES,1780,182,10.2247%,1584,9750.52 | 11405.78 | 10178.32,"float,int",기준일이 있는 관측값,NAVObservation,metricValue,DataProperty,xsd:decimal,스키마에 명시 없음,조건부,MetricObservation으로 생성; 대응 기준일이 없으면 asOfDate를 생성하지 않음; 0과 결측을 구분,노드를 생성하지 않으며 false/0/해당없음으로 치환하지 않음,실제 값 기반 프로파일; 코드 의미는 공식 코드표 없이는 미확정
PREF01N001,domestic_etp,du_upt_dt,일간갱신일자,text,YES,1780,182,10.2247%,22,20260821 | 20260707 | 20260422,str,출처·관리용 메타데이터,SourceRecord,snapshotDate/asOfDate,DataProperty,xsd:string,스키마에 명시 없음,조건부,YYYYMMDD를 xsd:date로 변환; 원본도 보존,노드를 생성하지 않으며 false/0/해당없음으로 치환하지 않음,실제 값 기반 프로파일; 코드 의미는 공식 코드표 없이는 미확정
PREF01N001,domestic_etp,du_val_1d,일거래대금,"numeric(28,2)",YES,1780,4,0.2247%,1464,3155290152 | 10196137 | 559133505,int,기준일이 있는 관측값,LiquidityObservation,metricValue,DataProperty,xsd:decimal,통화는 행의 통화 칼럼과 결합; 없으면 UNKNOWN,조건부,MetricObservation으로 생성; 대응 기준일이 없으면 asOfDate를 생성하지 않음; 0과 결측을 구분,노드를 생성하지 않으며 false/0/해당없음으로 치환하지 않음,실제 값 기반 프로파일; 코드 의미는 공식 코드표 없이는 미확정
PREF01N001,domestic_etp,du_val_1m,일거래대금평균_1M,"numeric(28,2)",YES,1780,16,0.8989%,1515,2992916177.95 | 15338977.5 | 276639215.9,"float,int",기준일이 있는 관측값,LiquidityObservation,metricValue,DataProperty,xsd:decimal,통화는 행의 통화 칼럼과 결합; 없으면 UNKNOWN,조건부,MetricObservation으로 생성; 대응 기준일이 없으면 asOfDate를 생성하지 않음; 0과 결측을 구분,노드를 생성하지 않으며 false/0/해당없음으로 치환하지 않음,실제 값 기반 프로파일; 코드 의미는 공식 코드표 없이는 미확정
PREF01N001,domestic_etp,du_val_5d,일거래대금평균_5D,"numeric(28,2)",YES,1780,5,0.2809%,1506,2671795446 | 10577075.4 | 421935827.6,"float,int",기준일이 있는 관측값,LiquidityObservation,metricValue,DataProperty,xsd:decimal,통화는 행의 통화 칼럼과 결합; 없으면 UNKNOWN,조건부,MetricObservation으로 생성; 대응 기준일이 없으면 asOfDate를 생성하지 않음; 0과 결측을 구분,노드를 생성하지 않으며 false/0/해당없음으로 치환하지 않음,실제 값 기반 프로파일; 코드 의미는 공식 코드표 없이는 미확정
PREF01N001,domestic_etp,du_vlty_1m,최근 20거래일 연환산 변동성(%),"numeric(28,8)",YES,1780,104,5.8427%,1626,93.3973869 | 22.4203667 | 1.93740704,"float,int",기준일이 있는 관측값,VolatilityObservation,metricValue,DataProperty,xsd:decimal,PERCENT (스키마 의미 기준; 값 범위 자동 환산 금지),조건부,MetricObservation으로 생성; 대응 기준일이 없으면 asOfDate를 생성하지 않음; 0과 결측을 구분,노드를 생성하지 않으며 false/0/해당없음으로 치환하지 않음,실제 값 기반 프로파일; 코드 의미는 공식 코드표 없이는 미확정
PREF01N001,domestic_etp,du_vlty_1y,최근 252거래일 연환산 변동성(%),"numeric(28,8)",YES,1780,471,26.4607%,1290,46.33365051 | 14.4161691 | 2.1928251,"float,int",기준일이 있는 관측값,VolatilityObservation,metricValue,DataProperty,xsd:decimal,PERCENT (스키마 의미 기준; 값 범위 자동 환산 금지),조건부,MetricObservation으로 생성; 대응 기준일이 없으면 asOfDate를 생성하지 않음; 0과 결측을 구분,노드를 생성하지 않으며 false/0/해당없음으로 치환하지 않음,실제 값 기반 프로파일; 코드 의미는 공식 코드표 없이는 미확정
PREF01N001,domestic_etp,du_vlty_3m,최근 60거래일 연환산 변동성(%),"numeric(28,8)",YES,1780,186,10.4494%,1549,60.20410692 | 17.49519695 | 1.2495614,"float,int",기준일이 있는 관측값,VolatilityObservation,metricValue,DataProperty,xsd:decimal,PERCENT (스키마 의미 기준; 값 범위 자동 환산 금지),조건부,MetricObservation으로 생성; 대응 기준일이 없으면 asOfDate를 생성하지 않음; 0과 결측을 구분,노드를 생성하지 않으며 false/0/해당없음으로 치환하지 않음,실제 값 기반 프로파일; 코드 의미는 공식 코드표 없이는 미확정
PREF01N001,domestic_etp,du_vlty_6m,최근 120거래일 연환산 변동성(%),"numeric(28,8)",YES,1780,294,16.5169%,1448,54.02524337 | 15.74023873 | 1.58936287,"float,int",기준일이 있는 관측값,VolatilityObservation,metricValue,DataProperty,xsd:decimal,PERCENT (스키마 의미 기준; 값 범위 자동 환산 금지),조건부,MetricObservation으로 생성; 대응 기준일이 없으면 asOfDate를 생성하지 않음; 0과 결측을 구분,노드를 생성하지 않으며 false/0/해당없음으로 치환하지 않음,실제 값 기반 프로파일; 코드 의미는 공식 코드표 없이는 미확정
PREF01N001,domestic_etp,du_vlty_base_dt,변동성 산출 기준일,text,YES,1780,86,4.8315%,49,20260821 | 20251218 | 20260709,str,출처·관리용 메타데이터,SourceFieldAssertion,rawValue,DataProperty,xsd:string,PERCENT (스키마 의미 기준; 값 범위 자동 환산 금지),조건부,YYYYMMDD 형식 검증 후 날짜 의미에 맞는 개체에 연결; 불명확하면 원본만 보존,노드를 생성하지 않으며 false/0/해당없음으로 치환하지 않음,실제 값 기반 프로파일; 코드 의미는 공식 코드표 없이는 미확정
PREF01N001,domestic_etp,du_vol_1d,일거래량,"numeric(28,2)",YES,1780,4,0.2247%,1312,346324 | 909 | 54905,int,기준일이 있는 관측값,LiquidityObservation,metricValue,DataProperty,xsd:decimal,COUNT,조건부,MetricObservation으로 생성; 대응 기준일이 없으면 asOfDate를 생성하지 않음; 0과 결측을 구분,노드를 생성하지 않으며 false/0/해당없음으로 치환하지 않음,실제 값 기반 프로파일; 코드 의미는 공식 코드표 없이는 미확정
PREF01N001,domestic_etp,du_vol_avg_1m,거래량평균_1M,"numeric(28,2)",YES,1780,15,0.8427%,1505,327080.05 | 1341.65 | 27201.85,"float,int",기준일이 있는 관측값,LiquidityObservation,metricValue,DataProperty,xsd:decimal,COUNT,조건부,MetricObservation으로 생성; 대응 기준일이 없으면 asOfDate를 생성하지 않음; 0과 결측을 구분,노드를 생성하지 않으며 false/0/해당없음으로 치환하지 않음,실제 값 기반 프로파일; 코드 의미는 공식 코드표 없이는 미확정
PREF01N001,domestic_etp,du_vol_avg_5d,거래량평균_5D,"numeric(28,2)",YES,1780,5,0.2809%,1457,280918.6 | 925.6 | 41441.6,"float,int",기준일이 있는 관측값,LiquidityObservation,metricValue,DataProperty,xsd:decimal,COUNT,조건부,MetricObservation으로 생성; 대응 기준일이 없으면 asOfDate를 생성하지 않음; 0과 결측을 구분,노드를 생성하지 않으며 false/0/해당없음으로 치환하지 않음,실제 값 기반 프로파일; 코드 의미는 공식 코드표 없이는 미확정
PREF01N001,domestic_etp,fn_average_coupon,평균쿠폰이자율,"numeric(28,8)",YES,1780,1581,88.8202%,196,3.24038568 | 3.75643334 | 3.05422394,float,기준일이 있는 관측값,MetricObservation,metricValue,DataProperty,xsd:decimal,스키마에 명시 없음,조건부,포트폴리오 평균 쿠폰; fn_portfolio_dt 연결,노드를 생성하지 않으며 false/0/해당없음으로 치환하지 않음,실제 값 기반 프로파일; 코드 의미는 공식 코드표 없이는 미확정
PREF01N001,domestic_etp,fn_average_maturity,평균잔존만기,"numeric(28,8)",YES,1780,1780,100.0000%,0,,,기준일이 있는 관측값,MetricObservation,metricValue,DataProperty,xsd:decimal,스키마에 명시 없음,조건부,MetricObservation으로 생성; 대응 기준일이 없으면 asOfDate를 생성하지 않음; 0과 결측을 구분,노드를 생성하지 않으며 false/0/해당없음으로 치환하지 않음,실제 값 기반 프로파일; 코드 의미는 공식 코드표 없이는 미확정
PREF01N001,domestic_etp,fn_average_quality,평균신용품질,text,YES,1780,1705,95.7865%,32,2.00000000 | 5.64615326 | 2.86767987,str,기준일이 있는 관측값,MetricObservation,rawValue,DataProperty,xsd:string,스키마에 명시 없음,조건부,평균신용품질의 실제 값이 text/수치형 문자열이므로 의미척도 확인 전 decimal 강제 변환 금지,노드를 생성하지 않으며 false/0/해당없음으로 치환하지 않음,실제 값 기반 프로파일; 코드 의미는 공식 코드표 없이는 미확정
PREF01N001,domestic_etp,fn_base_dt,펀더멘털 기준일,text,YES,1780,625,35.1124%,1,20260822,str,출처·관리용 메타데이터,SourceFieldAssertion,rawValue,DataProperty,xsd:string,스키마에 명시 없음,조건부,YYYYMMDD 형식 검증 후 날짜 의미에 맞는 개체에 연결; 불명확하면 원본만 보존,노드를 생성하지 않으며 false/0/해당없음으로 치환하지 않음,실제 값 기반 프로파일; 코드 의미는 공식 코드표 없이는 미확정
PREF01N001,domestic_etp,fn_effective_duration,듀레이션,"numeric(28,8)",YES,1780,1780,100.0000%,0,,,기준일이 있는 관측값,MetricObservation,metricValue,DataProperty,xsd:decimal,스키마에 명시 없음,조건부,MetricObservation으로 생성; 대응 기준일이 없으면 asOfDate를 생성하지 않음; 0과 결측을 구분,노드를 생성하지 않으며 false/0/해당없음으로 치환하지 않음,실제 값 기반 프로파일; 코드 의미는 공식 코드표 없이는 미확정
PREF01N001,domestic_etp,fn_effective_maturity,실질만기,"numeric(28,8)",YES,1780,1565,87.9213%,212,1.38867145 | 26.61802806 | 7.84319132,float,기준일이 있는 관측값,MetricObservation,metricValue,DataProperty,xsd:decimal,스키마에 명시 없음,조건부,실질만기; 스키마에 단위가 없어 임의로 년을 부여하지 않음,노드를 생성하지 않으며 false/0/해당없음으로 치환하지 않음,실제 값 기반 프로파일; 코드 의미는 공식 코드표 없이는 미확정
PREF01N001,domestic_etp,fn_modified_duration,수정듀레이션,"numeric(28,8)",YES,1780,1780,100.0000%,0,,,기준일이 있는 관측값,MetricObservation,metricValue,DataProperty,xsd:decimal,스키마에 명시 없음,조건부,MetricObservation으로 생성; 대응 기준일이 없으면 asOfDate를 생성하지 않음; 0과 결측을 구분,노드를 생성하지 않으며 false/0/해당없음으로 치환하지 않음,실제 값 기반 프로파일; 코드 의미는 공식 코드표 없이는 미확정
PREF01N001,domestic_etp,fn_nominal_maturity,명목만기,"numeric(28,8)",YES,1780,1565,87.9213%,212,1.38867145 | 26.61802806 | 7.84319132,float,기준일이 있는 관측값,MetricObservation,metricValue,DataProperty,xsd:decimal,스키마에 명시 없음,조건부,명목만기; 스키마에 단위가 없어 임의로 년을 부여하지 않음,노드를 생성하지 않으며 false/0/해당없음으로 치환하지 않음,실제 값 기반 프로파일; 코드 의미는 공식 코드표 없이는 미확정
PREF01N001,domestic_etp,fn_portfolio_dt,포트폴리오 기준일,text,YES,1780,662,37.1910%,17,20260531 | 20250731 | 20260630,str,출처·관리용 메타데이터,SourceFieldAssertion,rawValue,DataProperty,xsd:string,스키마에 명시 없음,조건부,YYYYMMDD 형식 검증 후 날짜 의미에 맞는 개체에 연결; 불명확하면 원본만 보존,노드를 생성하지 않으며 false/0/해당없음으로 치환하지 않음,실제 값 기반 프로파일; 코드 의미는 공식 코드표 없이는 미확정
PREF01N001,domestic_etp,pd_abrv_nm,상품약어명,text,YES,1780,0,0.0000%,1773,RISE 바이오TOP10액티브 | RISE 미국S&P500엔화노출(합성 H) | KODEX 27-12 회사채(AA-이상)액티브,str,상품의 직접 속성,FinancialProduct,abbreviatedName,DataProperty,xsd:string,스키마에 명시 없음,실제 전행 존재(스키마상 선택),공백 정리 외 의미 추론 금지,노드를 생성하지 않으며 false/0/해당없음으로 치환하지 않음,실제 값 기반 프로파일; 코드 의미는 공식 코드표 없이는 미확정
PREF01N001,domestic_etp,pd_circ_net_tamt,유통순자산총액,"numeric(28,2)",YES,1780,182,10.2247%,670,58310000000 | 7416500000 | 0,int,기준일이 있는 관측값,AUMObservation,metricValue,DataProperty,xsd:decimal,통화는 행의 통화 칼럼과 결합; 없으면 UNKNOWN,조건부,MetricObservation으로 생성; 대응 기준일이 없으면 asOfDate를 생성하지 않음; 0과 결측을 구분,노드를 생성하지 않으며 false/0/해당없음으로 치환하지 않음,실제 값 기반 프로파일; 코드 의미는 공식 코드표 없이는 미확정
PREF01N001,domestic_etp,pd_circ_stk_cnt,유통주식수,"numeric(28,2)",YES,1780,182,10.2247%,629,5950000 | 650000 | 54460000,int,기준일이 있는 관측값,MetricObservation,metricValue,DataProperty,xsd:decimal,COUNT,조건부,MetricObservation으로 생성; 대응 기준일이 없으면 asOfDate를 생성하지 않음; 0과 결측을 구분,노드를 생성하지 않으며 false/0/해당없음으로 치환하지 않음,실제 값 기반 프로파일; 코드 의미는 공식 코드표 없이는 미확정
PREF01N001,domestic_etp,pd_curr_cd,상품통화코드,text,YES,1780,3,0.1685%,2,CURR_CD_KRW | CURR_CD_000,str,코드 또는 분류 개념,RawCodeValue,codeValue,DataProperty,xsd:string,스키마에 명시 없음,조건부,공식 코드표/설명 칼럼이 없으면 의미를 추정하지 않고 UNMAPPED_CODE로 보존,노드를 생성하지 않으며 false/0/해당없음으로 치환하지 않음,실제 값 기반 프로파일; 코드 의미는 공식 코드표 없이는 미확정
PREF01N001,domestic_etp,pd_curr_nm,상품통화명,text,YES,1780,3,0.1685%,2,한국원화 | 해당없음,str,상품의 직접 속성,SourceFieldAssertion,rawValue,DataProperty,xsd:string,스키마에 명시 없음,조건부,원본 값과 정규화 값을 함께 보존; 별도 의미가 확인되기 전 추론에 사용하지 않음,노드를 생성하지 않으며 false/0/해당없음으로 치환하지 않음,실제 값 기반 프로파일; 코드 의미는 공식 코드표 없이는 미확정
PREF01N001,domestic_etp,pd_divd_amt_ann,연간 추정 분배금,"numeric(28,8)",YES,1780,951,53.4270%,589,19532.29716669 | 126838.7943714 | 24356.3883696,"float,int",기준일이 있는 관측값,DistributionObservation,metricValue,DataProperty,xsd:decimal,스키마에 명시 없음,조건부,MetricObservation으로 생성; 대응 기준일이 없으면 asOfDate를 생성하지 않음; 0과 결측을 구분,노드를 생성하지 않으며 false/0/해당없음으로 치환하지 않음,실제 값 기반 프로파일; 코드 의미는 공식 코드표 없이는 미확정
PREF01N001,domestic_etp,pd_divd_amt_pshr,"주당 분배금(원천 우선, 없으면 회당 추정)","numeric(28,8)",YES,1780,572,32.1348%,968,95.60770452 | 4883.07429167 | 15708.22882934,"float,int",기준일이 있는 관측값,DistributionObservation,metricValue,DataProperty,xsd:decimal,스키마에 명시 없음,조건부,MetricObservation으로 생성; 대응 기준일이 없으면 asOfDate를 생성하지 않음; 0과 결측을 구분,노드를 생성하지 않으며 false/0/해당없음으로 치환하지 않음,실제 값 기반 프로파일; 코드 의미는 공식 코드표 없이는 미확정
PREF01N001,domestic_etp,pd_dvid_base_dt,분배정보 기준일,text,YES,1780,572,32.1348%,1,20260822,str,출처·관리용 메타데이터,SourceFieldAssertion,rawValue,DataProperty,xsd:string,스키마에 명시 없음,조건부,YYYYMMDD 형식 검증 후 날짜 의미에 맞는 개체에 연결; 불명확하면 원본만 보존,노드를 생성하지 않으며 false/0/해당없음으로 치환하지 않음,실제 값 기반 프로파일; 코드 의미는 공식 코드표 없이는 미확정
PREF01N001,domestic_etp,pd_dvid_cycl,분배주기(A/Q/M/S),text,YES,1780,572,32.1348%,4,Q | A | M,str,상품의 직접 속성,SourceFieldAssertion,rawValue,DataProperty,xsd:string,스키마에 명시 없음,조건부,원본 값과 정규화 값을 함께 보존; 별도 의미가 확인되기 전 추론에 사용하지 않음,노드를 생성하지 않으며 false/0/해당없음으로 치환하지 않음,실제 값 기반 프로파일; 코드 의미는 공식 코드표 없이는 미확정
PREF01N001,domestic_etp,pd_dvid_inc_dist,원천 성과배분/분배금,"numeric(28,8)",YES,1780,1780,100.0000%,0,,,기준일이 있는 관측값,DistributionObservation,metricValue,DataProperty,xsd:decimal,스키마에 명시 없음,조건부,MetricObservation으로 생성; 대응 기준일이 없으면 asOfDate를 생성하지 않음; 0과 결측을 구분,노드를 생성하지 않으며 false/0/해당없음으로 치환하지 않음,실제 값 기반 프로파일; 코드 의미는 공식 코드표 없이는 미확정
PREF01N001,domestic_etp,pd_dvid_nav,분배금 계산 기준 NAV,"numeric(28,8)",YES,1780,572,32.1348%,1208,9369.63 | 11370.59 | 10180.33,"float,int",기준일이 있는 관측값,NAVObservation,metricValue,DataProperty,xsd:decimal,스키마에 명시 없음,조건부,MetricObservation으로 생성; 대응 기준일이 없으면 asOfDate를 생성하지 않음; 0과 결측을 구분,노드를 생성하지 않으며 false/0/해당없음으로 치환하지 않음,실제 값 기반 프로파일; 코드 의미는 공식 코드표 없이는 미확정
PREF01N001,domestic_etp,pd_dvid_pay_cnt,연간 지급횟수,"numeric(28,0)",YES,1780,572,32.1348%,4,4 | 1 | 12,int,기준일이 있는 관측값,DistributionObservation,metricValue,DataProperty,xsd:decimal,COUNT,조건부,연간 지급횟수; pd_dvid_base_dt 연결,노드를 생성하지 않으며 false/0/해당없음으로 치환하지 않음,실제 값 기반 프로파일; 코드 의미는 공식 코드표 없이는 미확정
PREF01N001,domestic_etp,pd_dvid_pay_months,분배 지급월,text,YES,1780,572,32.1348%,15,"January,April,July,October | December | January,February,March,April,May,June,July,August,September,October,November,December",str,상품의 직접 속성,SourceFieldAssertion,rawValue,DataProperty,xsd:string,스키마에 명시 없음,조건부,원본 값과 정규화 값을 함께 보존; 별도 의미가 확인되기 전 추론에 사용하지 않음,노드를 생성하지 않으며 false/0/해당없음으로 치환하지 않음,실제 값 기반 프로파일; 코드 의미는 공식 코드표 없이는 미확정
PREF01N001,domestic_etp,pd_dvid_prc_base_dt,분배금 계산 NAV 기준일,text,YES,1780,572,32.1348%,31,20260820 | 20260707 | 20260421,str,출처·관리용 메타데이터,SourceFieldAssertion,rawValue,DataProperty,xsd:string,스키마에 명시 없음,조건부,YYYYMMDD 형식 검증 후 날짜 의미에 맞는 개체에 연결; 불명확하면 원본만 보존,노드를 생성하지 않으며 false/0/해당없음으로 치환하지 않음,실제 값 기반 프로파일; 코드 의미는 공식 코드표 없이는 미확정
PREF01N001,domestic_etp,pd_dvid_tax_basis,분배 과세기준,text,YES,1780,572,32.1348%,1,Gross,str,상품의 직접 속성,SourceFieldAssertion,rawValue,DataProperty,xsd:string,스키마에 명시 없음,조건부,원본 값과 정규화 값을 함께 보존; 별도 의미가 확인되기 전 추론에 사용하지 않음,노드를 생성하지 않으며 false/0/해당없음으로 치환하지 않음,실제 값 기반 프로파일; 코드 의미는 공식 코드표 없이는 미확정
PREF01N001,domestic_etp,pd_dvid_yield,연환산 분배수익률,"numeric(28,8)",YES,1780,572,32.1348%,967,0.040816 | 1.717791 | 1.542998,"float,int",기준일이 있는 관측값,YieldObservation,metricValue,DataProperty,xsd:decimal,PERCENT (스키마 의미 기준; 값 범위 자동 환산 금지),조건부,MetricObservation으로 생성; 대응 기준일이 없으면 asOfDate를 생성하지 않음; 0과 결측을 구분,노드를 생성하지 않으며 false/0/해당없음으로 치환하지 않음,실제 값 기반 프로파일; 코드 의미는 공식 코드표 없이는 미확정
PREF01N001,domestic_etp,pd_exg_mkt_cd,거래소코드,text,NO,1780,3,0.1685%,1,EXG_MKT_NO_001,str,코드 또는 분류 개념,RawCodeValue,codeValue,DataProperty,xsd:string,스키마에 명시 없음,조건부,공식 코드표/설명 칼럼이 없으면 의미를 추정하지 않고 UNMAPPED_CODE로 보존; 스키마 Nullable=NO와 실제 결측 3건 충돌,노드를 생성하지 않으며 false/0/해당없음으로 치환하지 않음,실제 값 기반 프로파일; 코드 의미는 공식 코드표 없이는 미확정
PREF01N001,domestic_etp,pd_exg_mkt_nm,거래소명,text,YES,1780,3,0.1685%,1,유가증권,str,상품의 직접 속성,SourceFieldAssertion,rawValue,DataProperty,xsd:string,스키마에 명시 없음,조건부,원본 값과 정규화 값을 함께 보존; 별도 의미가 확인되기 전 추론에 사용하지 않음,노드를 생성하지 않으며 false/0/해당없음으로 치환하지 않음,실제 값 기반 프로파일; 코드 의미는 공식 코드표 없이는 미확정
PREF01N001,domestic_etp,pd_grp_no,상품군종류,text,YES,1780,0,0.0000%,2,ETF | ETN,str,코드 또는 분류 개념,ExchangeTradedProduct,sourceProductKind,DataProperty,xsd:string,스키마에 명시 없음,실제 전행 존재(스키마상 선택),실제 ETF/ETN 값으로 rdf:type을 결정하고 원본 값도 보존,노드를 생성하지 않으며 false/0/해당없음으로 치환하지 않음,실제 값 기반 프로파일; 코드 의미는 공식 코드표 없이는 미확정
PREF01N001,domestic_etp,pd_isin_cd,Refinitiv ISIN,text,YES,1780,572,32.1348%,1208,KR70000Z0003 | KR70005C0005 | KR70007F0000,str,식별자,ProductIdentifier,identifierValue,DataProperty,xsd:string,스키마에 명시 없음,조건부,identifierType=ISIN; 빈 값과 0/전부 0 sentinel은 identity에 사용하지 않고 원본 assertion에 보존; 형식 검증 상태를 별도 기록,노드를 생성하지 않으며 false/0/해당없음으로 치환하지 않음,실제 값 기반 프로파일; 코드 의미는 공식 코드표 없이는 미확정
PREF01N001,domestic_etp,pd_itm_no,상품번호,text,NO,1780,0,0.0000%,1780,KR70000Z0003 | KR70005C0005 | KR70007F0000,str,식별자,ProductIdentifier,identifierValue,DataProperty,xsd:string,스키마에 명시 없음,필수,identifierType=SOURCE_ID (ISIN-shaped); 빈 값과 0/전부 0 sentinel은 identity에 사용하지 않고 원본 assertion에 보존; 형식 검증 상태를 별도 기록,노드를 생성하지 않으며 false/0/해당없음으로 치환하지 않음,실제 값 기반 프로파일; 코드 의미는 공식 코드표 없이는 미확정
PREF01N001,domestic_etp,pd_itm_no_ma,상품번호_미래에셋,text,NO,1780,0,0.0000%,1780,A0000Z0 | A0005C0 | A0007F0,str,식별자,ProductIdentifier,identifierValue,DataProperty,xsd:string,스키마에 명시 없음,필수,identifierType=MA_ID; 빈 값과 0/전부 0 sentinel은 identity에 사용하지 않고 원본 assertion에 보존; 형식 검증 상태를 별도 기록,노드를 생성하지 않으며 false/0/해당없음으로 치환하지 않음,실제 값 기반 프로파일; 코드 의미는 공식 코드표 없이는 미확정
PREF01N001,domestic_etp,pd_lst_stk_cnt,상품상장주식수,"numeric(28,2)",YES,1780,0,0.0000%,688,5850000 | 650000 | 54270000,int,기준일이 있는 관측값,MetricObservation,metricValue,DataProperty,xsd:decimal,COUNT,실제 전행 존재(스키마상 선택),MetricObservation으로 생성; 대응 기준일이 없으면 asOfDate를 생성하지 않음; 0과 결측을 구분,노드를 생성하지 않으며 false/0/해당없음으로 치환하지 않음,실제 값 기반 프로파일; 코드 의미는 공식 코드표 없이는 미확정
PREF01N001,domestic_etp,pd_lste_dt,상품거래종료일자,text,YES,1780,3,0.1685%,91,99991231 | 20251218 | 20260707,str,상품의 직접 속성,Listing,listingEndDate,DataProperty,xsd:date,스키마에 명시 없음,조건부,99991231은 SENTINEL assertion과 NO_KNOWN_END_DATE 상태로 보존하되 실제 종료일이나 active=true 근거로 생성하지 않음,노드를 생성하지 않으며 false/0/해당없음으로 치환하지 않음,실제 값 기반 프로파일; 코드 의미는 공식 코드표 없이는 미확정
PREF01N001,domestic_etp,pd_lstg_dt,상품거래가능일자,text,YES,1780,3,0.1685%,612,20241224 | 20250114 | 20250211,str,상품의 직접 속성,Listing,listingStartDate,DataProperty,xsd:date,스키마에 명시 없음,조건부,YYYYMMDD를 검증 변환하고 10001231 sentinel 및 malformed 날짜는 raw assertion만 보존하며 canonical 날짜를 생성하지 않음,노드를 생성하지 않으며 false/0/해당없음으로 치환하지 않음,실제 값 기반 프로파일; 코드 의미는 공식 코드표 없이는 미확정
PREF01N001,domestic_etp,pd_mkt_id,상품거래시장코드,text,YES,1780,3,0.1685%,1,STK,str,코드 또는 분류 개념,RawCodeValue,codeValue,DataProperty,xsd:string,스키마에 명시 없음,조건부,공식 코드표/설명 칼럼이 없으면 의미를 추정하지 않고 UNMAPPED_CODE로 보존,노드를 생성하지 않으며 false/0/해당없음으로 치환하지 않음,실제 값 기반 프로파일; 코드 의미는 공식 코드표 없이는 미확정
PREF01N001,domestic_etp,pd_mkt_nm,상품거래시장,text,YES,1780,3,0.1685%,1,유가증권,str,상품의 직접 속성,SourceFieldAssertion,rawValue,DataProperty,xsd:string,스키마에 명시 없음,조건부,원본 값과 정규화 값을 함께 보존; 별도 의미가 확인되기 전 추론에 사용하지 않음,노드를 생성하지 않으며 false/0/해당없음으로 치환하지 않음,실제 값 기반 프로파일; 코드 의미는 공식 코드표 없이는 미확정
PREF01N001,domestic_etp,pd_net_tamt,순자산총액,"numeric(28,2)",YES,1780,182,10.2247%,1595,57040533390 | 7413758805 | 554311492648,int,기준일이 있는 관측값,AUMObservation,metricValue,DataProperty,xsd:decimal,통화는 행의 통화 칼럼과 결합; 없으면 UNKNOWN,조건부,MetricObservation으로 생성; 대응 기준일이 없으면 asOfDate를 생성하지 않음; 0과 결측을 구분,노드를 생성하지 않으며 false/0/해당없음으로 치환하지 않음,실제 값 기반 프로파일; 코드 의미는 공식 코드표 없이는 미확정
PREF01N001,domestic_etp,pd_nm,상품명,text,YES,1780,0,0.0000%,1780,KB RISE 바이오TOP10액티브증권상장지수투자신탁(주식) | KB RISE 미국S&P500엔화노출증권상장지수투자신탁(주식-파생형)(합성 H) | 삼성 KODEX 27-12 회사채(AA-이상)액티브증권상장지수투자신탁[채권],str,상품의 직접 속성,FinancialProduct,productName,DataProperty,xsd:string,스키마에 명시 없음,실제 전행 존재(스키마상 선택),공백 정리 외 의미 추론 금지,노드를 생성하지 않으며 false/0/해당없음으로 치환하지 않음,실제 값 기반 프로파일; 코드 의미는 공식 코드표 없이는 미확정
PREF01N001,domestic_etp,pd_pen_risk_nm,연금거래위험구분,text,YES,1780,0,0.0000%,3,위험자산 | N | 안전자산,str,코드 또는 분류 개념,RawCodeValue,codeValue,DataProperty,xsd:string,스키마에 명시 없음,실제 전행 존재(스키마상 선택),공식 코드표/설명 칼럼이 없으면 의미를 추정하지 않고 UNMAPPED_CODE로 보존,노드를 생성하지 않으며 false/0/해당없음으로 치환하지 않음,실제 값 기반 프로파일; 코드 의미는 공식 코드표 없이는 미확정
PREF01N001,domestic_etp,pd_pen_tr_yn,연금거래가능여부,text,YES,1780,0,0.0000%,2,Y | N,str,코드 또는 분류 개념,RawCodeValue,codeValue,DataProperty,xsd:string,스키마에 명시 없음,실제 전행 존재(스키마상 선택),공식 코드표/설명 칼럼이 없으면 의미를 추정하지 않고 UNMAPPED_CODE로 보존,노드를 생성하지 않으며 false/0/해당없음으로 치환하지 않음,실제 값 기반 프로파일; 코드 의미는 공식 코드표 없이는 미확정
PREF01N001,domestic_etp,pd_ric,Refinitiv RIC,text,YES,1780,572,32.1348%,1208,0000Z0.KS | 0005C0.KS | 0007F0.KS,str,식별자,ProductIdentifier,identifierValue,DataProperty,xsd:string,스키마에 명시 없음,조건부,identifierType=RIC; 빈 값과 0/전부 0 sentinel은 identity에 사용하지 않고 원본 assertion에 보존; 형식 검증 상태를 별도 기록,노드를 생성하지 않으며 false/0/해당없음으로 치환하지 않음,실제 값 기반 프로파일; 코드 의미는 공식 코드표 없이는 미확정
PREF01N001,domestic_etp,pd_risk_cd,상품등급코드,text,YES,1780,0,0.0000%,6,PD_RISK_GCD_12 | PD_RISK_GCD_15 | PD_RISK_GCD_14,str,코드 또는 분류 개념,RawCodeValue,codeValue,DataProperty,xsd:string,스키마에 명시 없음,실제 전행 존재(스키마상 선택),공식 코드표/설명 칼럼이 없으면 의미를 추정하지 않고 UNMAPPED_CODE로 보존,노드를 생성하지 않으며 false/0/해당없음으로 치환하지 않음,실제 값 기반 프로파일; 코드 의미는 공식 코드표 없이는 미확정
PREF01N001,domestic_etp,pd_risk_nm,상품등급명,text,YES,1780,0,0.0000%,6,높은위험(2등급) | 낮은위험(5등급) | 보통위험(4등급),str,관계,RiskGrade,hasRiskGrade,ObjectProperty,xsd:string,스키마에 명시 없음,실제 전행 존재(스키마상 선택),원본 문자열/코드를 보존하고 exact 정규화만 수행; fuzzy 병합 금지,노드를 생성하지 않으며 false/0/해당없음으로 치환하지 않음,실제 값 기반 프로파일; 코드 의미는 공식 코드표 없이는 미확정
PREF01N001,domestic_etp,pd_sale_yn,상품판매여부,text,YES,1780,0,0.0000%,2,1 | 0,str,코드 또는 분류 개념,RawCodeValue,codeValue,DataProperty,xsd:string,스키마에 명시 없음,실제 전행 존재(스키마상 선택),공식 코드표/설명 칼럼이 없으면 의미를 추정하지 않고 UNMAPPED_CODE로 보존,노드를 생성하지 않으며 false/0/해당없음으로 치환하지 않음,실제 값 기반 프로파일; 코드 의미는 공식 코드표 없이는 미확정
PREF01N001,domestic_etp,pd_sect_cd,ETF 섹터코드,text,YES,1780,182,10.2247%,5,2 | 3 | 8,str,코드 또는 분류 개념,RawCodeValue,codeValue,DataProperty,xsd:string,스키마에 명시 없음,조건부,공식 코드표/설명 칼럼이 없으면 의미를 추정하지 않고 UNMAPPED_CODE로 보존,노드를 생성하지 않으며 false/0/해당없음으로 치환하지 않음,실제 값 기반 프로파일; 코드 의미는 공식 코드표 없이는 미확정
PREF01N001,domestic_etp,pd_spac_yn,SPAC 여부,text,YES,1780,182,10.2247%,1,N,str,코드 또는 분류 개념,RawCodeValue,codeValue,DataProperty,xsd:string,스키마에 명시 없음,조건부,공식 코드표/설명 칼럼이 없으면 의미를 추정하지 않고 UNMAPPED_CODE로 보존,노드를 생성하지 않으며 false/0/해당없음으로 치환하지 않음,실제 값 기반 프로파일; 코드 의미는 공식 코드표 없이는 미확정
PREF01N001,domestic_etp,pd_stk_cnt,상장주식수,"numeric(28,2)",YES,1780,182,10.2247%,661,5850000 | 650000 | 54270000,int,기준일이 있는 관측값,MetricObservation,metricValue,DataProperty,xsd:decimal,COUNT,조건부,MetricObservation으로 생성; 대응 기준일이 없으면 asOfDate를 생성하지 않음; 0과 결측을 구분,노드를 생성하지 않으며 false/0/해당없음으로 치환하지 않음,실제 값 기반 프로파일; 코드 의미는 공식 코드표 없이는 미확정
PREF01N001,domestic_etp,pd_ticker,Refinitiv 티커,text,YES,1780,572,32.1348%,1208,0000Z0 | 0005C0 | 0007F0,str,식별자,ProductIdentifier,identifierValue,DataProperty,xsd:string,스키마에 명시 없음,조건부,identifierType=TICKER; 빈 값과 0/전부 0 sentinel은 identity에 사용하지 않고 원본 assertion에 보존; 형식 검증 상태를 별도 기록,노드를 생성하지 않으며 false/0/해당없음으로 치환하지 않음,실제 값 기반 프로파일; 코드 의미는 공식 코드표 없이는 미확정
PREF01N001,domestic_etp,pd_tr_yn,상품거래정지혀부,text,YES,1780,3,0.1685%,2,0 | 1,str,코드 또는 분류 개념,RawCodeValue,codeValue,DataProperty,xsd:string,스키마에 명시 없음,조건부,공식 코드표/설명 칼럼이 없으면 의미를 추정하지 않고 UNMAPPED_CODE로 보존,노드를 생성하지 않으며 false/0/해당없음으로 치환하지 않음,실제 값 기반 프로파일; 코드 의미는 공식 코드표 없이는 미확정
PREF01N001,domestic_etp,ref_ast_type,refinitiv 자산유형,text,YES,1780,572,32.1348%,7,Equity | Bond | Mixed Assets,str,상품의 직접 속성,SourceFieldAssertion,rawValue,DataProperty,xsd:string,스키마에 명시 없음,조건부,원본 값과 정규화 값을 함께 보존; 별도 의미가 확인되기 전 추론에 사용하지 않음,노드를 생성하지 않으며 false/0/해당없음으로 치환하지 않음,실제 값 기반 프로파일; 코드 의미는 공식 코드표 없이는 미확정
PREF01N001,domestic_etp,ref_base_dt,refinitiv 기준일,text,YES,1780,572,32.1348%,1,20260822,str,출처·관리용 메타데이터,SourceRecord,snapshotDate/asOfDate,DataProperty,xsd:string,스키마에 명시 없음,조건부,YYYYMMDD를 xsd:date로 변환; 원본도 보존,노드를 생성하지 않으며 false/0/해당없음으로 치환하지 않음,실제 값 기반 프로파일; 코드 의미는 공식 코드표 없이는 미확정
PREF01N001,domestic_etp,ref_base_index,refinitiv 벤치마크,text,YES,1780,572,32.1348%,905,KRX Bio TOP 10 KRW | S&P 500 Daily JPY Hedged CR | KAP 27-12 Corporate Bond TR (AA- or higher),str,관계,Index,tracks,ObjectProperty,xsd:string,스키마에 명시 없음,조건부,원본 문자열/코드를 보존하고 exact 정규화만 수행; fuzzy 병합 금지,노드를 생성하지 않으며 false/0/해당없음으로 치환하지 않음,실제 값 기반 프로파일; 코드 의미는 공식 코드표 없이는 미확정
PREF01N001,domestic_etp,ref_fund_mgmt_co,refinitiv 운용사,text,YES,1780,572,32.1348%,29,KB Asset Ltd | Samsung Asset Management Co Ltd | IM Asset Investment & Management Co Ltd,str,관계,AssetManager,managedBy,ObjectProperty,xsd:string,스키마에 명시 없음,조건부,원본 문자열/코드를 보존하고 exact 정규화만 수행; fuzzy 병합 금지,노드를 생성하지 않으며 false/0/해당없음으로 치환하지 않음,실제 값 기반 프로파일; 코드 의미는 공식 코드표 없이는 미확정
PREF01N001,domestic_etp,ref_geo_focus,refinitiv 투자지역,text,YES,1780,572,32.1348%,23,Korea | United States of America | Global,str,상품의 직접 속성,SourceFieldAssertion,rawValue,DataProperty,xsd:string,스키마에 명시 없음,조건부,원본 값과 정규화 값을 함께 보존; 별도 의미가 확인되기 전 추론에 사용하지 않음,노드를 생성하지 않으며 false/0/해당없음으로 치환하지 않음,실제 값 기반 프로파일; 코드 의미는 공식 코드표 없이는 미확정
PREF01N001,domestic_etp,ru_mkt_price,현재가,"numeric(28,2)",YES,1780,4,0.2247%,1438,9050 | 11250 | 10185,int,기준일이 있는 관측값,PriceObservation,metricValue,DataProperty,xsd:decimal,스키마에 명시 없음,조건부,실시간/현재가; 원천에 시각이 없으면 날짜·시간을 추정하지 않음,노드를 생성하지 않으며 false/0/해당없음으로 치환하지 않음,실제 값 기반 프로파일; 코드 의미는 공식 코드표 없이는 미확정
PREF01N001,domestic_etp,ru_mkt_volume,거래량,"numeric(28,2)",YES,1780,4,0.2247%,1312,346324 | 909 | 54905,int,기준일이 있는 관측값,LiquidityObservation,metricValue,DataProperty,xsd:decimal,COUNT,조건부,MetricObservation으로 생성; 대응 기준일이 없으면 asOfDate를 생성하지 않음; 0과 결측을 구분,노드를 생성하지 않으며 false/0/해당없음으로 치환하지 않음,실제 값 기반 프로파일; 코드 의미는 공식 코드표 없이는 미확정
PREF01N001,domestic_etp,wu_core_yn,핵심ETF여부,text,YES,1780,0,0.0000%,2,N | Y,str,코드 또는 분류 개념,RawCodeValue,codeValue,DataProperty,xsd:string,스키마에 명시 없음,실제 전행 존재(스키마상 선택),공식 코드표/설명 칼럼이 없으면 의미를 추정하지 않고 UNMAPPED_CODE로 보존,노드를 생성하지 않으며 false/0/해당없음으로 치환하지 않음,실제 값 기반 프로파일; 코드 의미는 공식 코드표 없이는 미확정
PREF01N001,domestic_etp,wu_inv_ast_type,투자자산군,text,YES,1780,0,0.0000%,9,주식 | 채권 | 혼합자산,str,관계,AssetType,hasAssetType,ObjectProperty,xsd:string,스키마에 명시 없음,실제 전행 존재(스키마상 선택),원본 문자열/코드를 보존하고 exact 정규화만 수행; fuzzy 병합 금지,노드를 생성하지 않으며 false/0/해당없음으로 치환하지 않음,실제 값 기반 프로파일; 코드 의미는 공식 코드표 없이는 미확정
PREF01N001,domestic_etp,wu_inv_rgn,투자지역,text,YES,1780,0,0.0000%,11,국내 | 미국 | 글로벌,str,관계,Region,investsInRegion,ObjectProperty,xsd:string,스키마에 명시 없음,실제 전행 존재(스키마상 선택),원본 문자열/코드를 보존하고 exact 정규화만 수행; fuzzy 병합 금지,노드를 생성하지 않으며 false/0/해당없음으로 치환하지 않음,실제 값 기반 프로파일; 코드 의미는 공식 코드표 없이는 미확정
PREF01N001,domestic_etp,wu_upt_dt,주간갱신일자,text,YES,1780,4,0.2247%,1,20260821,str,출처·관리용 메타데이터,SourceRecord,snapshotDate/asOfDate,DataProperty,xsd:string,스키마에 명시 없음,조건부,YYYYMMDD를 xsd:date로 변환; 원본도 보존,노드를 생성하지 않으며 false/0/해당없음으로 치환하지 않음,실제 값 기반 프로파일; 코드 의미는 공식 코드표 없이는 미확정
PREF02N001,foreign_etp,cu_base_index,기초지수,text,YES,6037,11,0.1822%,1850,Index is not provided by Management Company | MSCI AC World ex USA NR USD | Russell 1000 Growth TR,str,관계,Index,tracks,ObjectProperty,xsd:string,스키마에 명시 없음,조건부,실제 이름은 VALID exact relation; Management Company 미제공은 SOURCE_NOT_PROVIDED; Lipper DB 미등록은 VENDOR_NOT_AVAILABLE; placeholder raw는 보존하고 normalized Index 이름 및 entity/relation은 생성하지 않음,노드를 생성하지 않으며 false/0/해당없음으로 치환하지 않음,실제 값 기반 프로파일; 코드 의미는 공식 코드표 없이는 미확정
PREF02N001,foreign_etp,cu_charge_rt,연간보수율,"numeric(18,6)",YES,6037,0,0.0000%,130,0.09 | 0.54 | 0.39,"float,int",기준일이 있는 관측값,FeeObservation,metricValue,DataProperty,xsd:decimal,스키마에 명시 없음,실제 전행 존재(스키마상 선택),보수율; text 타입은 decimal 파싱 성공 시에만 관측값 생성,노드를 생성하지 않으며 false/0/해당없음으로 치환하지 않음,실제 값 기반 프로파일; 코드 의미는 공식 코드표 없이는 미확정
PREF02N001,foreign_etp,cu_etn_yn,ETN 여부,text,YES,6037,5972,98.9233%,1,Y,str,코드 또는 분류 개념,RawCodeValue,codeValue,DataProperty,xsd:string,스키마에 명시 없음,조건부,공식 코드표/설명 칼럼이 없으면 의미를 추정하지 않고 UNMAPPED_CODE로 보존,노드를 생성하지 않으며 false/0/해당없음으로 치환하지 않음,실제 값 기반 프로파일; 코드 의미는 공식 코드표 없이는 미확정
PREF02N001,foreign_etp,cu_fund_mgmt_co,운용사,text,YES,6037,12,0.1988%,382,Empowered Funds LLC | FCF Advisors LLC | American Century Investment Management Inc,str,관계,Organization,managedBy/issuedBy,ObjectProperty,xsd:string,스키마에 명시 없음,조건부,"원본 문자열/코드를 보존하고 exact 정규화만 수행; fuzzy 병합 금지; ETF는 AssetManager/managedBy, ETN은 Issuer/issuedBy",노드를 생성하지 않으며 false/0/해당없음으로 치환하지 않음,실제 값 기반 프로파일; 코드 의미는 공식 코드표 없이는 미확정
PREF02N001,foreign_etp,cu_index_repl_mthd,인덱스 복제방법,text,YES,6037,3630,60.1292%,4,Full | Optimized | Swap,str,상품의 직접 속성,ExchangeTradedProduct,replicationMethod,DataProperty,xsd:string,스키마에 명시 없음,조건부,실제 명시값만 사용; 결측은 UNKNOWN 개체로 치환하지 않음,노드를 생성하지 않으며 false/0/해당없음으로 치환하지 않음,실제 값 기반 프로파일; 코드 의미는 공식 코드표 없이는 미확정
PREF02N001,foreign_etp,cu_index_tracking_yn,인덱스 추적 여부,text,YES,6037,3630,60.1292%,1,Y,str,코드 또는 분류 개념,RawCodeValue,codeValue,DataProperty,xsd:string,스키마에 명시 없음,조건부,공식 코드표/설명 칼럼이 없으면 의미를 추정하지 않고 UNMAPPED_CODE로 보존,노드를 생성하지 않으며 false/0/해당없음으로 치환하지 않음,실제 값 기반 프로파일; 코드 의미는 공식 코드표 없이는 미확정
PREF02N001,foreign_etp,cu_inverse_short_yn,인버스 또는 숏 여부,text,YES,6037,5854,96.9687%,1,Y,str,코드 또는 분류 개념,RawCodeValue,codeValue,DataProperty,xsd:string,스키마에 명시 없음,조건부,공식 코드표/설명 칼럼이 없으면 의미를 추정하지 않고 UNMAPPED_CODE로 보존,노드를 생성하지 않으며 false/0/해당없음으로 치환하지 않음,실제 값 기반 프로파일; 코드 의미는 공식 코드표 없이는 미확정
PREF02N001,foreign_etp,cu_lev_fector,배수,"numeric(18,6)",YES,6037,5136,85.0754%,11,2 | -2 | 3,"float,int",상품의 직접 속성,ExchangeTradedProduct,leverageFactor,DataProperty,xsd:decimal,스키마에 명시 없음,조건부,명시값만 decimal로 변환; 결측에서 배수를 추론하지 않음,노드를 생성하지 않으며 false/0/해당없음으로 치환하지 않음,실제 값 기반 프로파일; 코드 의미는 공식 코드표 없이는 미확정
PREF02N001,foreign_etp,cu_strtegy,운용전략,text,YES,6037,11,0.1822%,5943,"The Fund seeks to achieve long-term capital appreciation. Under normal circumstances, at least 80% of the Funds net assets will be invested in the equity securi | The Fund seeks to generate long-term returns in excess of the total return of the S&P Developed ex-US BMI Index, with similar volatility to that Index. The Fund | The Fund seeks capital appreciation. Under normal market conditions, the fund will invest at least 80% of its assets in securities of large capitalization compa",str,상품의 직접 속성,ExchangeTradedProduct,strategyDescription,DataProperty,xsd:string,스키마에 명시 없음,조건부,원문을 보존하고 요약값으로 대체하지 않음,노드를 생성하지 않으며 false/0/해당없음으로 치환하지 않음,실제 값 기반 프로파일; 코드 의미는 공식 코드표 없이는 미확정
PREF02N001,foreign_etp,cu_upt_dt,변동갱신일자,text,YES,6037,0,0.0000%,1,20260822,str,출처·관리용 메타데이터,SourceRecord,snapshotDate/asOfDate,DataProperty,xsd:string,스키마에 명시 없음,실제 전행 존재(스키마상 선택),YYYYMMDD를 xsd:date로 변환; 원본도 보존,노드를 생성하지 않으며 false/0/해당없음으로 치환하지 않음,실제 값 기반 프로파일; 코드 의미는 공식 코드표 없이는 미확정
PREF02N001,foreign_etp,du_base_dt_match_yn,NAV/종가 기준일 일치 여부,text,YES,6037,14,0.2319%,1,N,str,출처·관리용 메타데이터,SourceFieldAssertion,rawValue,DataProperty,xsd:string,스키마에 명시 없음,조건부,YYYYMMDD 형식 검증 후 날짜 의미에 맞는 개체에 연결; 불명확하면 원본만 보존,노드를 생성하지 않으며 false/0/해당없음으로 치환하지 않음,실제 값 기반 프로파일; 코드 의미는 공식 코드표 없이는 미확정
PREF02N001,foreign_etp,du_bpr,기준가,"numeric(28,8)",YES,6037,14,0.2319%,5436,58.2409 | 31.8677 | 68.8613,"float,int",기준일이 있는 관측값,NAVObservation,metricValue,DataProperty,xsd:decimal,스키마에 명시 없음,조건부,MetricObservation으로 생성; 대응 기준일이 없으면 asOfDate를 생성하지 않음; 0과 결측을 구분,노드를 생성하지 않으며 false/0/해당없음으로 치환하지 않음,실제 값 기반 프로파일; 코드 의미는 공식 코드표 없이는 미확정
PREF02N001,foreign_etp,du_clpr,종가,"numeric(28,8)",YES,6037,14,0.2319%,5399,58.5084 | 32.2603 | 69.5811,"float,int",기준일이 있는 관측값,PriceObservation,metricValue,DataProperty,xsd:decimal,스키마에 명시 없음,조건부,MetricObservation으로 생성; 대응 기준일이 없으면 asOfDate를 생성하지 않음; 0과 결측을 구분,노드를 생성하지 않으며 false/0/해당없음으로 치환하지 않음,실제 값 기반 프로파일; 코드 의미는 공식 코드표 없이는 미확정
PREF02N001,foreign_etp,du_clpr_base_dt,선택된 종가의 원천 기준일,text,YES,6037,14,0.2319%,109,20260821 | 20250818 | 20250925,str,출처·관리용 메타데이터,SourceFieldAssertion,rawValue,DataProperty,xsd:string,스키마에 명시 없음,조건부,YYYYMMDD 형식 검증 후 날짜 의미에 맞는 개체에 연결; 불명확하면 원본만 보존,노드를 생성하지 않으며 false/0/해당없음으로 치환하지 않음,실제 값 기반 프로파일; 코드 의미는 공식 코드표 없이는 미확정
PREF02N001,foreign_etp,du_clpr_src,선택된 종가 원천 컬럼,text,YES,6037,14,0.2319%,1,pd65n101.tday_clpr,str,상품의 직접 속성,SourceFieldAssertion,rawValue,DataProperty,xsd:string,스키마에 명시 없음,조건부,원본 값과 정규화 값을 함께 보존; 별도 의미가 확인되기 전 추론에 사용하지 않음,노드를 생성하지 않으며 false/0/해당없음으로 치환하지 않음,실제 값 기반 프로파일; 코드 의미는 공식 코드표 없이는 미확정
PREF02N001,foreign_etp,du_diff_rt,종가 대비 추정 NAV 괴리율,"numeric(28,6)",YES,6037,6034,99.9503%,3,4.23 | 24.312 | 33.9,float,기준일이 있는 관측값,MetricObservation,metricValue,DataProperty,xsd:decimal,스키마에 명시 없음,조건부,가격-NAV 괴리율; 전용 기준일 또는 기준일 일치 여부와 함께 사용,노드를 생성하지 않으며 false/0/해당없음으로 치환하지 않음,실제 값 기반 프로파일; 코드 의미는 공식 코드표 없이는 미확정
PREF02N001,foreign_etp,du_er_1d,수익률_1D,"numeric(28,6)",YES,6037,14,0.2319%,959,0.46 | 1.23 | 1.05,"float,int",기준일이 있는 관측값,ReturnObservation,metricValue,DataProperty,xsd:decimal,PERCENT (스키마 의미 기준; 값 범위 자동 환산 금지),조건부,MetricObservation으로 생성; 대응 기준일이 없으면 asOfDate를 생성하지 않음; 0과 결측을 구분,노드를 생성하지 않으며 false/0/해당없음으로 치환하지 않음,실제 값 기반 프로파일; 코드 의미는 공식 코드표 없이는 미확정
PREF02N001,foreign_etp,du_hpr,고가,"numeric(28,8)",YES,6037,14,0.2319%,5030,58.5084 | 32.2603 | 69.5811,"float,int",기준일이 있는 관측값,PriceObservation,metricValue,DataProperty,xsd:decimal,스키마에 명시 없음,조건부,고가; 해당 일간 갱신일 연결,노드를 생성하지 않으며 false/0/해당없음으로 치환하지 않음,실제 값 기반 프로파일; 코드 의미는 공식 코드표 없이는 미확정
PREF02N001,foreign_etp,du_last_aum,일간 순자산총액,"numeric(28,2)",YES,6037,205,3.3957%,4899,371250000 | 16730000 | 10370000,int,기준일이 있는 관측값,AUMObservation,metricValue,DataProperty,xsd:decimal,통화는 행의 통화 칼럼과 결합; 없으면 UNKNOWN,조건부,MetricObservation으로 생성; 대응 기준일이 없으면 asOfDate를 생성하지 않음; 0과 결측을 구분,노드를 생성하지 않으며 false/0/해당없음으로 치환하지 않음,실제 값 기반 프로파일; 코드 의미는 공식 코드표 없이는 미확정
PREF02N001,foreign_etp,du_last_nav,추정 주당 NAV,"numeric(28,6)",YES,6037,5279,87.4441%,529,11.5 | 24.9 | 134.121875,"float,int",기준일이 있는 관측값,NAVObservation,metricValue,DataProperty,xsd:decimal,스키마에 명시 없음,조건부,MetricObservation으로 생성; 대응 기준일이 없으면 asOfDate를 생성하지 않음; 0과 결측을 구분,노드를 생성하지 않으며 false/0/해당없음으로 치환하지 않음,실제 값 기반 프로파일; 코드 의미는 공식 코드표 없이는 미확정
PREF02N001,foreign_etp,du_lpr,저가,"numeric(28,8)",YES,6037,14,0.2319%,5034,58.41 | 32.2603 | 69.5811,"float,int",기준일이 있는 관측값,PriceObservation,metricValue,DataProperty,xsd:decimal,스키마에 명시 없음,조건부,저가; 해당 일간 갱신일 연결,노드를 생성하지 않으며 false/0/해당없음으로 치환하지 않음,실제 값 기반 프로파일; 코드 의미는 공식 코드표 없이는 미확정
PREF02N001,foreign_etp,du_nav_base_dt,NAV 원천 etf_reference 기준일,text,YES,6037,0,0.0000%,1,20260822,str,출처·관리용 메타데이터,SourceFieldAssertion,rawValue,DataProperty,xsd:string,스키마에 명시 없음,실제 전행 존재(스키마상 선택),YYYYMMDD 형식 검증 후 날짜 의미에 맞는 개체에 연결; 불명확하면 원본만 보존,노드를 생성하지 않으며 false/0/해당없음으로 치환하지 않음,실제 값 기반 프로파일; 코드 의미는 공식 코드표 없이는 미확정
PREF02N001,foreign_etp,du_opr,시가,"numeric(28,8)",YES,6037,14,0.2319%,4684,58.41 | 32.2603 | 69.5811,"float,int",기준일이 있는 관측값,PriceObservation,metricValue,DataProperty,xsd:decimal,스키마에 명시 없음,조건부,시가; 해당 일간 갱신일 연결,노드를 생성하지 않으며 false/0/해당없음으로 치환하지 않음,실제 값 기반 프로파일; 코드 의미는 공식 코드표 없이는 미확정
PREF02N001,foreign_etp,du_upt_dt,일간갱신일자,text,YES,6037,0,0.0000%,108,20260822 | 20250819 | 20250926,str,출처·관리용 메타데이터,SourceRecord,snapshotDate/asOfDate,DataProperty,xsd:string,스키마에 명시 없음,실제 전행 존재(스키마상 선택),YYYYMMDD를 xsd:date로 변환; 원본도 보존,노드를 생성하지 않으며 false/0/해당없음으로 치환하지 않음,실제 값 기반 프로파일; 코드 의미는 공식 코드표 없이는 미확정
PREF02N001,foreign_etp,du_val_1d,외화거래대금,"numeric(28,8)",YES,6037,14,0.2319%,5752,6542 | 1484 | 1322,int,기준일이 있는 관측값,LiquidityObservation,metricValue,DataProperty,xsd:decimal,통화는 행의 통화 칼럼과 결합; 없으면 UNKNOWN,조건부,MetricObservation으로 생성; 대응 기준일이 없으면 asOfDate를 생성하지 않음; 0과 결측을 구분,노드를 생성하지 않으며 false/0/해당없음으로 치환하지 않음,실제 값 기반 프로파일; 코드 의미는 공식 코드표 없이는 미확정
PREF02N001,foreign_etp,du_vol_1d,거래량,"numeric(28,8)",YES,6037,14,0.2319%,4949,112 | 46 | 19,int,기준일이 있는 관측값,LiquidityObservation,metricValue,DataProperty,xsd:decimal,COUNT,조건부,MetricObservation으로 생성; 대응 기준일이 없으면 asOfDate를 생성하지 않음; 0과 결측을 구분,노드를 생성하지 않으며 false/0/해당없음으로 치환하지 않음,실제 값 기반 프로파일; 코드 의미는 공식 코드표 없이는 미확정
PREF02N001,foreign_etp,pd_abrv_nm,상품약어명_티커,text,YES,6037,0,0.0000%,6031,AAUA | ABLG | ACGR,str,상품의 직접 속성,FinancialProduct,abbreviatedName,DataProperty,xsd:string,스키마에 명시 없음,실제 전행 존재(스키마상 선택),공백 정리 외 의미 추론 금지,노드를 생성하지 않으며 false/0/해당없음으로 치환하지 않음,실제 값 기반 프로파일; 코드 의미는 공식 코드표 없이는 미확정
PREF02N001,foreign_etp,pd_curr_cd,펀드통화코드,text,YES,6037,11,0.1822%,2,USD | INR,str,코드 또는 분류 개념,RawCodeValue,codeValue,DataProperty,xsd:string,스키마에 명시 없음,조건부,공식 코드표/설명 칼럼이 없으면 의미를 추정하지 않고 UNMAPPED_CODE로 보존,노드를 생성하지 않으며 false/0/해당없음으로 치환하지 않음,실제 값 기반 프로파일; 코드 의미는 공식 코드표 없이는 미확정
PREF02N001,foreign_etp,pd_exg_mkt_cd,거래소코드,text,YES,6037,0,0.0000%,5,AMX | NAS | 102,str,코드 또는 분류 개념,RawCodeValue,codeValue,DataProperty,xsd:string,스키마에 명시 없음,실제 전행 존재(스키마상 선택),공식 코드표/설명 칼럼이 없으면 의미를 추정하지 않고 UNMAPPED_CODE로 보존,노드를 생성하지 않으며 false/0/해당없음으로 치환하지 않음,실제 값 기반 프로파일; 코드 의미는 공식 코드표 없이는 미확정
PREF02N001,foreign_etp,pd_grp_no,상품군종류,text,YES,6037,0,0.0000%,2,ETF | ETN,str,코드 또는 분류 개념,ExchangeTradedProduct,sourceProductKind,DataProperty,xsd:string,스키마에 명시 없음,실제 전행 존재(스키마상 선택),실제 ETF/ETN 값으로 rdf:type을 결정하고 원본 값도 보존,노드를 생성하지 않으며 false/0/해당없음으로 치환하지 않음,실제 값 기반 프로파일; 코드 의미는 공식 코드표 없이는 미확정
PREF02N001,foreign_etp,pd_isin_cd,ISIN 코드,text,YES,6037,12,0.1988%,5962,US02072Q2755 | US89628W4015 | US0250723808,str,식별자,ProductIdentifier,identifierValue,DataProperty,xsd:string,스키마에 명시 없음,조건부,identifierType=ISIN; 빈 값과 0/전부 0 sentinel은 identity에 사용하지 않고 원본 assertion에 보존; 형식 검증 상태를 별도 기록,노드를 생성하지 않으며 false/0/해당없음으로 치환하지 않음,실제 값 기반 프로파일; 코드 의미는 공식 코드표 없이는 미확정
PREF02N001,foreign_etp,pd_itm_no,해외 ETF RIC,text,NO,6037,0,0.0000%,6037,AAUA.K | ABLG.K | ACGR.K,str,식별자,ProductIdentifier,identifierValue,DataProperty,xsd:string,스키마에 명시 없음,필수,identifierType=RIC; 빈 값과 0/전부 0 sentinel은 identity에 사용하지 않고 원본 assertion에 보존; 형식 검증 상태를 별도 기록,노드를 생성하지 않으며 false/0/해당없음으로 치환하지 않음,실제 값 기반 프로파일; 코드 의미는 공식 코드표 없이는 미확정
PREF02N001,foreign_etp,pd_itm_no_ma,해외 ETF RIC_PDF 조인키,text,YES,6037,0,0.0000%,6037,AAUA.K | ABLG.K | ACGR.K,str,출처·관리용 메타데이터,SourceFieldAssertion,rawValue,DataProperty,xsd:string,스키마에 명시 없음,실제 전행 존재(스키마상 선택),RIC_PDF 조인키이며 독립 상품 식별자로 사용하지 않음,노드를 생성하지 않으며 false/0/해당없음으로 치환하지 않음,실제 값 기반 프로파일; 코드 의미는 공식 코드표 없이는 미확정
PREF02N001,foreign_etp,pd_lipper_id,Lipper 펀드코드,text,YES,6037,11,0.1822%,5963,40306184 | 40220923 | 40232394,str,식별자,ProductIdentifier,identifierValue,DataProperty,xsd:string,스키마에 명시 없음,조건부,identifierType=LIPPER_ID; 빈 값과 0/전부 0 sentinel은 identity에 사용하지 않고 원본 assertion에 보존; 형식 검증 상태를 별도 기록,노드를 생성하지 않으며 false/0/해당없음으로 치환하지 않음,실제 값 기반 프로파일; 코드 의미는 공식 코드표 없이는 미확정
PREF02N001,foreign_etp,pd_lstg_dt,설정일,text,YES,6037,0,0.0000%,2006,20260318 | 20170627 | 20210629,str,상품의 직접 속성,Listing,listingStartDate,DataProperty,xsd:date,스키마에 명시 없음,실제 전행 존재(스키마상 선택),YYYYMMDD를 검증 변환하고 00000000은 SENTINEL assertion으로 보존하며 canonical 날짜를 생성하지 않음; pd_lste_dt 컬럼 부재는 structural absence로 유지,노드를 생성하지 않으며 false/0/해당없음으로 치환하지 않음,실제 값 기반 프로파일; 코드 의미는 공식 코드표 없이는 미확정
PREF02N001,foreign_etp,pd_lst_price,액면가,"numeric(28,8)",YES,6037,14,0.2319%,2,0 | 0.01,"float,int",상품의 직접 속성,SourceFieldAssertion,rawValue,DataProperty,xsd:decimal,스키마에 명시 없음,조건부,원본 값과 정규화 값을 함께 보존; 별도 의미가 확인되기 전 추론에 사용하지 않음,노드를 생성하지 않으며 false/0/해당없음으로 치환하지 않음,실제 값 기반 프로파일; 코드 의미는 공식 코드표 없이는 미확정
PREF02N001,foreign_etp,pd_lst_stk_cnt,상장주식수,"numeric(28,2)",YES,6037,0,0.0000%,3213,6320000 | 525000 | 150000,int,기준일이 있는 관측값,MetricObservation,metricValue,DataProperty,xsd:decimal,COUNT,실제 전행 존재(스키마상 선택),MetricObservation으로 생성; 대응 기준일이 없으면 asOfDate를 생성하지 않음; 0과 결측을 구분,노드를 생성하지 않으며 false/0/해당없음으로 치환하지 않음,실제 값 기반 프로파일; 코드 의미는 공식 코드표 없이는 미확정
PREF02N001,foreign_etp,pd_mkt_id,거래소국가코드,text,YES,6037,0,0.0000%,1,US,str,코드 또는 분류 개념,RawCodeValue,codeValue,DataProperty,xsd:string,스키마에 명시 없음,실제 전행 존재(스키마상 선택),공식 코드표/설명 칼럼이 없으면 의미를 추정하지 않고 UNMAPPED_CODE로 보존,노드를 생성하지 않으며 false/0/해당없음으로 치환하지 않음,실제 값 기반 프로파일; 코드 의미는 공식 코드표 없이는 미확정
PREF02N001,foreign_etp,pd_nm,상품명,text,YES,6037,0,0.0000%,6009,Alpha Architect US Equity 3 ETF | Abacus FCF International Leaders ETF | American Century Large Cap Growth ETF,str,상품의 직접 속성,FinancialProduct,productName,DataProperty,xsd:string,스키마에 명시 없음,실제 전행 존재(스키마상 선택),공백 정리 외 의미 추론 금지,노드를 생성하지 않으며 false/0/해당없음으로 치환하지 않음,실제 값 기반 프로파일; 코드 의미는 공식 코드표 없이는 미확정
PREF02N001,foreign_etp,pd_sale_yn,판매여부,text,YES,6037,14,0.2319%,1,1,str,코드 또는 분류 개념,RawCodeValue,codeValue,DataProperty,xsd:string,스키마에 명시 없음,조건부,공식 코드표/설명 칼럼이 없으면 의미를 추정하지 않고 UNMAPPED_CODE로 보존,노드를 생성하지 않으며 false/0/해당없음으로 치환하지 않음,실제 값 기반 프로파일; 코드 의미는 공식 코드표 없이는 미확정
PREF02N001,foreign_etp,pd_trd_ccy,거래통화코드,text,YES,6037,0,0.0000%,1,USD,str,코드 또는 분류 개념,RawCodeValue,codeValue,DataProperty,xsd:string,스키마에 명시 없음,실제 전행 존재(스키마상 선택),공식 코드표/설명 칼럼이 없으면 의미를 추정하지 않고 UNMAPPED_CODE로 보존,노드를 생성하지 않으며 false/0/해당없음으로 치환하지 않음,실제 값 기반 프로파일; 코드 의미는 공식 코드표 없이는 미확정
PREF02N001,foreign_etp,pd_tr_yn,거래정지여부,text,YES,6037,14,0.2319%,1,0,str,코드 또는 분류 개념,RawCodeValue,codeValue,DataProperty,xsd:string,스키마에 명시 없음,조건부,공식 코드표/설명 칼럼이 없으면 의미를 추정하지 않고 UNMAPPED_CODE로 보존,노드를 생성하지 않으며 false/0/해당없음으로 치환하지 않음,실제 값 기반 프로파일; 코드 의미는 공식 코드표 없이는 미확정
PREF02N001,foreign_etp,pd_us_cik,미국 CIK,text,YES,6037,18,0.2982%,389,1592900 | 1604813 | 1710607,str,현재 온톨로지 의미계층에 미반영,SourceFieldAssertion,rawValue,DataProperty,xsd:string,스키마에 명시 없음,조건부,발행기관 단위일 가능성이 있는 CIK이며 상품 식별자로 사용 금지; 원본 assertion만 보존,노드를 생성하지 않으며 false/0/해당없음으로 치환하지 않음,실제 값 기반 프로파일; 코드 의미는 공식 코드표 없이는 미확정
PREF02N001,foreign_etp,ru_mkt_price,실시간 현재가,"numeric(28,8)",YES,6037,14,0.2319%,5399,58.5084 | 32.2603 | 69.5811,"float,int",기준일이 있는 관측값,PriceObservation,metricValue,DataProperty,xsd:decimal,스키마에 명시 없음,조건부,실시간/현재가; 원천에 시각이 없으면 날짜·시간을 추정하지 않음,노드를 생성하지 않으며 false/0/해당없음으로 치환하지 않음,실제 값 기반 프로파일; 코드 의미는 공식 코드표 없이는 미확정
PREF02N001,foreign_etp,ru_mkt_volume,실시간 거래량,"numeric(28,8)",YES,6037,14,0.2319%,4949,112 | 46 | 19,int,기준일이 있는 관측값,LiquidityObservation,metricValue,DataProperty,xsd:decimal,COUNT,조건부,MetricObservation으로 생성; 대응 기준일이 없으면 asOfDate를 생성하지 않음; 0과 결측을 구분,노드를 생성하지 않으며 false/0/해당없음으로 치환하지 않음,실제 값 기반 프로파일; 코드 의미는 공식 코드표 없이는 미확정
PREF02N001,foreign_etp,wu_core_yn,핵심 ETF 여부,text,YES,6037,5931,98.2442%,1,N,str,코드 또는 분류 개념,RawCodeValue,codeValue,DataProperty,xsd:string,스키마에 명시 없음,조건부,공식 코드표/설명 칼럼이 없으면 의미를 추정하지 않고 UNMAPPED_CODE로 보존,노드를 생성하지 않으며 false/0/해당없음으로 치환하지 않음,실제 값 기반 프로파일; 코드 의미는 공식 코드표 없이는 미확정
PREF02N001,foreign_etp,wu_inv_ast_type,투자자산군,text,YES,6037,11,0.1822%,6,Equity | Alternatives | Commodity,str,관계,AssetType,hasAssetType,ObjectProperty,xsd:string,스키마에 명시 없음,조건부,원본 문자열/코드를 보존하고 exact 정규화만 수행; fuzzy 병합 금지,노드를 생성하지 않으며 false/0/해당없음으로 치환하지 않음,실제 값 기반 프로파일; 코드 의미는 공식 코드표 없이는 미확정
PREF02N001,foreign_etp,wu_inv_rgn,투자지역,text,YES,6037,11,0.1822%,59,United States of America | Global Ex US | Global,str,관계,Region,investsInRegion,ObjectProperty,xsd:string,스키마에 명시 없음,조건부,원본 문자열/코드를 보존하고 exact 정규화만 수행; fuzzy 병합 금지,노드를 생성하지 않으며 false/0/해당없음으로 치환하지 않음,실제 값 기반 프로파일; 코드 의미는 공식 코드표 없이는 미확정
PREF02N001,foreign_etp,wu_upt_dt,주간갱신일자,text,YES,6037,0,0.0000%,1,20260822,str,출처·관리용 메타데이터,SourceRecord,snapshotDate/asOfDate,DataProperty,xsd:string,스키마에 명시 없음,실제 전행 존재(스키마상 선택),YYYYMMDD를 xsd:date로 변환; 원본도 보존,노드를 생성하지 않으며 false/0/해당없음으로 치환하지 않음,실제 값 기반 프로파일; 코드 의미는 공식 코드표 없이는 미확정
PRFD01N001,fund_share_class,bmrk_eng_nm,벤치마크영문명,text,YES,23676,12395,52.3526%,386,채권종합지수 1~2Y | CALL | THREE Month T-Bill[KRW],str,관계,Benchmark,benchmarkEnglishName,DataProperty,xsd:string,스키마에 명시 없음,조건부,bmrk_nm으로 식별한 벤치마크의 영문명; 이름만으로 다른 source와 병합하지 않음,노드를 생성하지 않으며 false/0/해당없음으로 치환하지 않음,실제 값 기반 프로파일; 코드 의미는 공식 코드표 없이는 미확정
PRFD01N001,fund_share_class,bmrk_nm,벤치마크명,text,YES,23676,12395,52.3526%,389,채권종합지수 1~2년 | CALL | 미국 국채 3개월[원화환산],str,관계,Benchmark,referencesBenchmark,ObjectProperty,xsd:string,스키마에 명시 없음,조건부,원본 문자열/코드를 보존하고 exact 정규화만 수행; fuzzy 병합 금지,노드를 생성하지 않으며 false/0/해당없음으로 치환하지 않음,실제 값 기반 프로파일; 코드 의미는 공식 코드표 없이는 미확정
PRFD01N001,fund_share_class,bns_bpr,매매기준가,"numeric(38,15)",YES,23676,14263,60.2424%,9074,1004.27 | 13944.84 | 1037.11,"float,int",기준일이 있는 관측값,NAVObservation,metricValue,DataProperty,xsd:decimal,스키마에 명시 없음,조건부,MetricObservation으로 생성; 대응 기준일이 없으면 asOfDate를 생성하지 않음; 0과 결측을 구분,노드를 생성하지 않으며 false/0/해당없음으로 치환하지 않음,실제 값 기반 프로파일; 코드 의미는 공식 코드표 없이는 미확정
PRFD01N001,fund_share_class,curr_cd,통화코드,text,YES,23676,0,0.0000%,7,KRW | USD | JPY,str,코드 또는 분류 개념,RawCodeValue,codeValue,DataProperty,xsd:string,스키마에 명시 없음,실제 전행 존재(스키마상 선택),공식 코드표/설명 칼럼이 없으면 의미를 추정하지 않고 UNMAPPED_CODE로 보존,노드를 생성하지 않으며 false/0/해당없음으로 치환하지 않음,실제 값 기반 프로파일; 코드 의미는 공식 코드표 없이는 미확정
PRFD01N001,fund_share_class,exchdg_yn,환헤지여부,text,YES,23676,16695,70.5144%,2,N | Y,str,코드 또는 분류 개념,RawCodeValue,codeValue,DataProperty,xsd:string,스키마에 명시 없음,조건부,공식 코드표/설명 칼럼이 없으면 의미를 추정하지 않고 UNMAPPED_CODE로 보존,노드를 생성하지 않으며 false/0/해당없음으로 치환하지 않음,실제 값 기반 프로파일; 코드 의미는 공식 코드표 없이는 미확정
PRFD01N001,fund_share_class,fd_daily_bas_dt,펀드데일리정보 기준일자,text,YES,23676,14263,60.2424%,905,20260821 | 20210226 | 20230420,str,출처·관리용 메타데이터,SourceRecord,snapshotDate/asOfDate,DataProperty,xsd:string,스키마에 명시 없음,조건부,YYYYMMDD를 xsd:date로 변환; 원본도 보존,노드를 생성하지 않으며 false/0/해당없음으로 치환하지 않음,실제 값 기반 프로파일; 코드 의미는 공식 코드표 없이는 미확정
PRFD01N001,fund_share_class,fd_estb_ctry_cd,펀드설립국가코드,text,YES,23676,0,0.0000%,7,000 | 410 | 442,str,코드 또는 분류 개념,RawCodeValue,codeValue,DataProperty,xsd:string,스키마에 명시 없음,실제 전행 존재(스키마상 선택),공식 코드표/설명 칼럼이 없으면 의미를 추정하지 않고 UNMAPPED_CODE로 보존,노드를 생성하지 않으며 false/0/해당없음으로 치환하지 않음,실제 값 기반 프로파일; 코드 의미는 공식 코드표 없이는 미확정
PRFD01N001,fund_share_class,fd_ivst_rgn_desc,펀드투자지역구분코드 설명,text,YES,23676,0,0.0000%,9,국내 | 해당없음 | 글로벌,str,관계,Region,investsInRegion,ObjectProperty,xsd:string,스키마에 명시 없음,실제 전행 존재(스키마상 선택),원본 문자열/코드를 보존하고 exact 정규화만 수행; fuzzy 병합 금지,노드를 생성하지 않으며 false/0/해당없음으로 치환하지 않음,실제 값 기반 프로파일; 코드 의미는 공식 코드표 없이는 미확정
PRFD01N001,fund_share_class,fd_last_dstb_actg_bss_dt,최근 분배 회계기초일자,text,YES,23676,12800,54.0632%,2019,20110907 | 20101103 | 20111022,str,출처·관리용 메타데이터,SourceFieldAssertion,rawValue,DataProperty,xsd:string,스키마에 명시 없음,조건부,YYYYMMDD 형식 검증 후 날짜 의미에 맞는 개체에 연결; 불명확하면 원본만 보존,노드를 생성하지 않으며 false/0/해당없음으로 치환하지 않음,실제 값 기반 프로파일; 코드 의미는 공식 코드표 없이는 미확정
PRFD01N001,fund_share_class,fd_last_dstb_actg_eot_dt,최근 분배 회계기말일자,text,YES,23676,12800,54.0632%,1785,20110919 | 20111030 | 20120711,str,출처·관리용 메타데이터,SourceFieldAssertion,rawValue,DataProperty,xsd:string,스키마에 명시 없음,조건부,YYYYMMDD 형식 검증 후 날짜 의미에 맞는 개체에 연결; 불명확하면 원본만 보존,노드를 생성하지 않으며 false/0/해당없음으로 치환하지 않음,실제 값 기반 프로파일; 코드 의미는 공식 코드표 없이는 미확정
PRFD01N001,fund_share_class,fd_last_dstb_r,최근 분배율,"numeric(20,12)",YES,23676,12800,54.0632%,4243,-0.088 | 48.565 | 0.673,"float,int",기준일이 있는 관측값,DistributionObservation,metricValue,DataProperty,xsd:decimal,스키마에 명시 없음,조건부,MetricObservation으로 생성; 대응 기준일이 없으면 asOfDate를 생성하지 않음; 0과 결측을 구분,노드를 생성하지 않으며 false/0/해당없음으로 치환하지 않음,실제 값 기반 프로파일; 코드 의미는 공식 코드표 없이는 미확정
PRFD01N001,fund_share_class,fd_mm18_ern_r,펀드 18개월수익률,"numeric(30,2)",YES,23676,16789,70.9115%,4645,3.92 | 2.39 | 4.76,"float,int",기준일이 있는 관측값,ReturnObservation,metricValue,DataProperty,xsd:decimal,PERCENT (스키마 의미 기준; 값 범위 자동 환산 금지),조건부,MetricObservation으로 생성; 대응 기준일이 없으면 asOfDate를 생성하지 않음; 0과 결측을 구분,노드를 생성하지 않으며 false/0/해당없음으로 치환하지 않음,실제 값 기반 프로파일; 코드 의미는 공식 코드표 없이는 미확정
PRFD01N001,fund_share_class,fd_mm1_ern_r,펀드 1개월수익률,"numeric(30,2)",YES,23676,16290,68.8039%,1442,0.24 | -5.52 | 0.32,"float,int",기준일이 있는 관측값,ReturnObservation,metricValue,DataProperty,xsd:decimal,PERCENT (스키마 의미 기준; 값 범위 자동 환산 금지),조건부,MetricObservation으로 생성; 대응 기준일이 없으면 asOfDate를 생성하지 않음; 0과 결측을 구분,노드를 생성하지 않으며 false/0/해당없음으로 치환하지 않음,실제 값 기반 프로파일; 코드 의미는 공식 코드표 없이는 미확정
PRFD01N001,fund_share_class,fd_mm3_ern_r,펀드 3개월수익률,"numeric(30,2)",YES,23676,16369,69.1375%,2123,0.68 | -6.77 | -0.52,"float,int",기준일이 있는 관측값,ReturnObservation,metricValue,DataProperty,xsd:decimal,PERCENT (스키마 의미 기준; 값 범위 자동 환산 금지),조건부,MetricObservation으로 생성; 대응 기준일이 없으면 asOfDate를 생성하지 않음; 0과 결측을 구분,노드를 생성하지 않으며 false/0/해당없음으로 치환하지 않음,실제 값 기반 프로파일; 코드 의미는 공식 코드표 없이는 미확정
PRFD01N001,fund_share_class,fd_mm6_ern_r,펀드 6개월수익률,"numeric(30,2)",YES,23676,16456,69.5050%,3163,1.29 | -2.09 | -0.36,"float,int",기준일이 있는 관측값,ReturnObservation,metricValue,DataProperty,xsd:decimal,PERCENT (스키마 의미 기준; 값 범위 자동 환산 금지),조건부,MetricObservation으로 생성; 대응 기준일이 없으면 asOfDate를 생성하지 않음; 0과 결측을 구분,노드를 생성하지 않으며 false/0/해당없음으로 치환하지 않음,실제 값 기반 프로파일; 코드 의미는 공식 코드표 없이는 미확정
PRFD01N001,fund_share_class,fd_nast_suma,펀드 순자산,"numeric(22,4)",YES,23676,14263,60.2424%,9409,211242055347 | 86977018058 | 71850251,int,기준일이 있는 관측값,AUMObservation,metricValue,DataProperty,xsd:decimal,통화는 행의 통화 칼럼과 결합; 없으면 UNKNOWN,조건부,MetricObservation으로 생성; 대응 기준일이 없으면 asOfDate를 생성하지 않음; 0과 결측을 구분,노드를 생성하지 않으며 false/0/해당없음으로 치환하지 않음,실제 값 기반 프로파일; 코드 의미는 공식 코드표 없이는 미확정
PRFD01N001,fund_share_class,fd_price_bas_dt,펀드 기준가/수익률 기준일자,text,YES,23676,14263,60.2424%,905,20260821 | 20210226 | 20230420,str,출처·관리용 메타데이터,SourceFieldAssertion,rawValue,DataProperty,xsd:string,PERCENT (스키마 의미 기준; 값 범위 자동 환산 금지),조건부,YYYYMMDD 형식 검증 후 날짜 의미에 맞는 개체에 연결; 불명확하면 원본만 보존,노드를 생성하지 않으며 false/0/해당없음으로 치환하지 않음,실제 값 기반 프로파일; 코드 의미는 공식 코드표 없이는 미확정
PRFD01N001,fund_share_class,fd_prsv_r,보전율,"numeric(20,12)",YES,23676,0,0.0000%,790,2.025 | 0 | 10,"float,int",기준일이 있는 관측값,MetricObservation,metricValue,DataProperty,xsd:decimal,스키마에 명시 없음,실제 전행 존재(스키마상 선택),보전율; 단위가 명시되지 않아 임의 환산 금지,노드를 생성하지 않으며 false/0/해당없음으로 치환하지 않음,실제 값 기반 프로파일; 코드 의미는 공식 코드표 없이는 미확정
PRFD01N001,fund_share_class,fd_sbpr,시가평가금액,"numeric(30,12)",YES,23676,0,0.0000%,1978,0 | 810 | 945,int,기준일이 있는 관측값,PriceObservation,metricValue,DataProperty,xsd:decimal,통화는 행의 통화 칼럼과 결합; 없으면 UNKNOWN,실제 전행 존재(스키마상 선택),시가평가금액; 통화 및 실제 기준일이 있을 때만 비교,노드를 생성하지 않으며 false/0/해당없음으로 치환하지 않음,실제 값 기반 프로파일; 코드 의미는 공식 코드표 없이는 미확정
PRFD01N001,fund_share_class,fd_set_pcd,펀드설정유형코드,text,YES,23676,0,0.0000%,3,00 | 10 | 20,str,코드 또는 분류 개념,RawCodeValue,codeValue,DataProperty,xsd:string,스키마에 명시 없음,실제 전행 존재(스키마상 선택),공식 코드표/설명 칼럼이 없으면 의미를 추정하지 않고 UNMAPPED_CODE로 보존,노드를 생성하지 않으며 false/0/해당없음으로 치환하지 않음,실제 값 기반 프로파일; 코드 의미는 공식 코드표 없이는 미확정
PRFD01N001,fund_share_class,fd_wk1_ern_r,펀드 1주일수익률,"numeric(30,2)",YES,23676,23676,100.0000%,0,,,기준일이 있는 관측값,ReturnObservation,metricValue,DataProperty,xsd:decimal,PERCENT (스키마 의미 기준; 값 범위 자동 환산 금지),조건부,MetricObservation으로 생성; 대응 기준일이 없으면 asOfDate를 생성하지 않음; 0과 결측을 구분,노드를 생성하지 않으며 false/0/해당없음으로 치환하지 않음,실제 값 기반 프로파일; 코드 의미는 공식 코드표 없이는 미확정
PRFD01N001,fund_share_class,fd_yr1_ern_r,펀드 1년수익률,"numeric(30,2)",YES,23676,16654,70.3413%,4469,2.57 | 3.2 | 1.7,"float,int",기준일이 있는 관측값,ReturnObservation,metricValue,DataProperty,xsd:decimal,PERCENT (스키마 의미 기준; 값 범위 자동 환산 금지),조건부,MetricObservation으로 생성; 대응 기준일이 없으면 asOfDate를 생성하지 않음; 0과 결측을 구분,노드를 생성하지 않으며 false/0/해당없음으로 치환하지 않음,실제 값 기반 프로파일; 코드 의미는 공식 코드표 없이는 미확정
PRFD01N001,fund_share_class,fd_yr2_ern_r,펀드 2년수익률,"numeric(30,2)",YES,23676,16919,71.4606%,4952,5.6 | 12.81 | 6.15,"float,int",기준일이 있는 관측값,ReturnObservation,metricValue,DataProperty,xsd:decimal,PERCENT (스키마 의미 기준; 값 범위 자동 환산 금지),조건부,MetricObservation으로 생성; 대응 기준일이 없으면 asOfDate를 생성하지 않음; 0과 결측을 구분,노드를 생성하지 않으며 false/0/해당없음으로 치환하지 않음,실제 값 기반 프로파일; 코드 의미는 공식 코드표 없이는 미확정
PRFD01N001,fund_share_class,fd_yr3_ern_r,펀드 3년수익률,"numeric(30,2)",YES,23676,17186,72.5883%,5110,9.39 | 18.1 | 8.82,"float,int",기준일이 있는 관측값,ReturnObservation,metricValue,DataProperty,xsd:decimal,PERCENT (스키마 의미 기준; 값 범위 자동 환산 금지),조건부,MetricObservation으로 생성; 대응 기준일이 없으면 asOfDate를 생성하지 않음; 0과 결측을 구분,노드를 생성하지 않으며 false/0/해당없음으로 치환하지 않음,실제 값 기반 프로파일; 코드 의미는 공식 코드표 없이는 미확정
PRFD01N001,fund_share_class,fd_yr5_ern_r,펀드 5년수익률,"numeric(30,2)",YES,23676,17697,74.7466%,4882,14.51 | 48.35 | 48.92,"float,int",기준일이 있는 관측값,ReturnObservation,metricValue,DataProperty,xsd:decimal,PERCENT (스키마 의미 기준; 값 범위 자동 환산 금지),조건부,MetricObservation으로 생성; 대응 기준일이 없으면 asOfDate를 생성하지 않음; 0과 결측을 구분,노드를 생성하지 않으며 false/0/해당없음으로 치환하지 않음,실제 값 기반 프로파일; 코드 의미는 공식 코드표 없이는 미확정
PRFD01N001,fund_share_class,frc_bpr_itm_yn,외화기준가종목여부,text,YES,23676,0,0.0000%,2,0 | 1,str,코드 또는 분류 개념,RawCodeValue,codeValue,DataProperty,xsd:string,스키마에 명시 없음,실제 전행 존재(스키마상 선택),공식 코드표/설명 칼럼이 없으면 의미를 추정하지 않고 UNMAPPED_CODE로 보존,노드를 생성하지 않으며 false/0/해당없음으로 치환하지 않음,실제 값 기반 프로파일; 코드 의미는 공식 코드표 없이는 미확정
PRFD01N001,fund_share_class,fss_itm_no,금융감독원종목번호,text,YES,23676,42,0.1774%,11970,000000000000 | 0010186C4619 | 0010175C6318,str,식별자,ProductIdentifier,identifierValue,DataProperty,xsd:string,스키마에 명시 없음,조건부,identifierType=FSS_ID; 빈 값과 0/전부 0 sentinel은 identity에 사용하지 않고 원본 assertion에 보존; 형식 검증 상태를 별도 기록,노드를 생성하지 않으며 false/0/해당없음으로 치환하지 않음,실제 값 기반 프로파일; 코드 의미는 공식 코드표 없이는 미확정
PRFD01N001,fund_share_class,han_clas_fee_type,클래스 수수료 부과 유형,text,YES,23676,14051,59.3470%,3,수수료미징구 | 수수료선취 | 수수료후취,str,상품의 직접 속성,SourceFieldAssertion,rawValue,DataProperty,xsd:string,스키마에 명시 없음,조건부,원본 값과 정규화 값을 함께 보존; 별도 의미가 확인되기 전 추론에 사용하지 않음,노드를 생성하지 않으며 false/0/해당없음으로 치환하지 않음,실제 값 기반 프로파일; 코드 의미는 공식 코드표 없이는 미확정
PRFD01N001,fund_share_class,han_clas_nm,클래스 한글 표기,text,YES,23676,14039,59.2963%,195,수수료미징구-온라인 | 수수료선취-온라인 | 수수료미징구-오프라인,str,상품의 직접 속성,SourceFieldAssertion,rawValue,DataProperty,xsd:string,스키마에 명시 없음,조건부,원본 값과 정규화 값을 함께 보존; 별도 의미가 확인되기 전 추론에 사용하지 않음,노드를 생성하지 않으며 false/0/해당없음으로 치환하지 않음,실제 값 기반 프로파일; 코드 의미는 공식 코드표 없이는 미확정
PRFD01N001,fund_share_class,han_clas_policies,클래스 부가 정책,text,YES,23676,17408,73.5259%,33,"랩,펀드 | 보수체감 | 개인연금",str,상품의 직접 속성,SourceFieldAssertion,rawValue,DataProperty,xsd:string,스키마에 명시 없음,조건부,원본 값과 정규화 값을 함께 보존; 별도 의미가 확인되기 전 추론에 사용하지 않음,노드를 생성하지 않으며 false/0/해당없음으로 치환하지 않음,실제 값 기반 프로파일; 코드 의미는 공식 코드표 없이는 미확정
PRFD01N001,fund_share_class,han_clas_sales_channel,클래스 판매채널,text,YES,23676,14073,59.4399%,3,온라인 | 오프라인 | 직판,str,상품의 직접 속성,SourceFieldAssertion,rawValue,DataProperty,xsd:string,스키마에 명시 없음,조건부,원본 값과 정규화 값을 함께 보존; 별도 의미가 확인되기 전 추론에 사용하지 않음,노드를 생성하지 않으며 false/0/해당없음으로 치환하지 않음,실제 값 기반 프로파일; 코드 의미는 공식 코드표 없이는 미확정
PRFD01N001,fund_share_class,hdge_fd_yn,헤지펀드여부,text,YES,23676,0,0.0000%,2,0 | 1,str,코드 또는 분류 개념,RawCodeValue,codeValue,DataProperty,xsd:string,스키마에 명시 없음,실제 전행 존재(스키마상 선택),공식 코드표/설명 칼럼이 없으면 의미를 추정하지 않고 UNMAPPED_CODE로 보존,노드를 생성하지 않으며 false/0/해당없음으로 치환하지 않음,실제 값 기반 프로파일; 코드 의미는 공식 코드표 없이는 미확정
PRFD01N001,fund_share_class,int_dvd_desc,이자배당구분코드 설명,text,YES,23676,0,0.0000%,3,배당 | 이자 | 해당없음,str,코드 또는 분류 개념,RawCodeValue,codeValue,DataProperty,xsd:string,스키마에 명시 없음,실제 전행 존재(스키마상 선택),공식 코드표/설명 칼럼이 없으면 의미를 추정하지 않고 UNMAPPED_CODE로 보존,노드를 생성하지 않으며 false/0/해당없음으로 치환하지 않음,실제 값 기반 프로파일; 코드 의미는 공식 코드표 없이는 미확정
PRFD01N001,fund_share_class,itm_abrv_nm,종목약어명,text,YES,23676,0,0.0000%,23588,CRYSTAL신MMFE1-1비주 | 스페셜단기43호 | D프로단기1,str,상품의 직접 속성,FinancialProduct,abbreviatedName,DataProperty,xsd:string,스키마에 명시 없음,실제 전행 존재(스키마상 선택),공백 정리 외 의미 추론 금지,노드를 생성하지 않으며 false/0/해당없음으로 치환하지 않음,실제 값 기반 프로파일; 코드 의미는 공식 코드표 없이는 미확정
PRFD01N001,fund_share_class,itm_eabrv_nm,종목영문약어명,text,YES,23676,23528,99.3749%,143,Fidel_Singapore | FidelityIndonesi | GRC,str,상품의 직접 속성,FinancialProduct,englishAbbreviatedName,DataProperty,xsd:string,스키마에 명시 없음,조건부,공백 정리 외 의미 추론 금지,노드를 생성하지 않으며 false/0/해당없음으로 치환하지 않음,실제 값 기반 프로파일; 코드 의미는 공식 코드표 없이는 미확정
PRFD01N001,fund_share_class,itm_eng_nm,종목영문명,text,YES,23676,0,0.0000%,23403,크리스탈신종MMFE1-1비주식 | 스페셜단기43호 | 서울D프로단기1,str,상품의 직접 속성,FinancialProduct,englishName,DataProperty,xsd:string,스키마에 명시 없음,실제 전행 존재(스키마상 선택),공백 정리 외 의미 추론 금지,노드를 생성하지 않으며 false/0/해당없음으로 치환하지 않음,실제 값 기반 프로파일; 코드 의미는 공식 코드표 없이는 미확정
PRFD01N001,fund_share_class,itm_nm,종목명,text,YES,23676,0,0.0000%,23624,크리스탈신종MMFE1-1비주식 | 스페셜단기43호 | 서울D프로단기1,str,상품의 직접 속성,FinancialProduct,productName,DataProperty,xsd:string,스키마에 명시 없음,실제 전행 존재(스키마상 선택),공백 정리 외 의미 추론 금지,노드를 생성하지 않으며 false/0/해당없음으로 치환하지 않음,실제 값 기반 프로파일; 코드 의미는 공식 코드표 없이는 미확정
PRFD01N001,fund_share_class,itm_no,종목번호,text,NO,23676,0,0.0000%,23676,KR5010101611 | KR5010151053 | KR5010151901,str,식별자,ProductIdentifier,identifierValue,DataProperty,xsd:string,스키마에 명시 없음,필수,identifierType=SOURCE_ID; 빈 값과 0/전부 0 sentinel은 identity에 사용하지 않고 원본 assertion에 보존; 형식 검증 상태를 별도 기록,노드를 생성하지 않으며 false/0/해당없음으로 치환하지 않음,실제 값 기반 프로파일; 코드 의미는 공식 코드표 없이는 미확정
PRFD01N001,fund_share_class,kofia_fd_ccd,금융투자협회펀드분류코드,text,YES,23676,45,0.1901%,6765,00000000000000000000 | 1EE1161200101ZZZZZZ6 | 1EE216120010282ZZZZ6,str,코드 또는 분류 개념,RawCodeValue,codeValue,DataProperty,xsd:string,스키마에 명시 없음,조건부,공식 코드표/설명 칼럼이 없으면 의미를 추정하지 않고 UNMAPPED_CODE로 보존,노드를 생성하지 않으며 false/0/해당없음으로 치환하지 않음,실제 값 기반 프로파일; 코드 의미는 공식 코드표 없이는 미확정
PRFD01N001,fund_share_class,ksd_itm_no,예탁원종목번호,text,YES,23676,2367,9.9975%,21290,KRZ500023970 | KRZ500024060 | KRZ500022730,str,식별자,ProductIdentifier,identifierValue,DataProperty,xsd:string,스키마에 명시 없음,조건부,identifierType=KSD_ID; 빈 값과 0/전부 0 sentinel은 identity에 사용하지 않고 원본 assertion에 보존; 형식 검증 상태를 별도 기록,노드를 생성하지 않으며 false/0/해당없음으로 치환하지 않음,실제 값 기반 프로파일; 코드 의미는 공식 코드표 없이는 미확정
PRFD01N001,fund_share_class,mtco_itm_no,운용사종목번호,text,YES,23676,116,0.4899%,14058,31147 | 31193 | 76623,str,식별자,ProductIdentifier,identifierValue,DataProperty,xsd:string,스키마에 명시 없음,조건부,identifierType=MA_ID; 빈 값과 0/전부 0 sentinel은 identity에 사용하지 않고 원본 assertion에 보존; 형식 검증 상태를 별도 기록,노드를 생성하지 않으며 false/0/해당없음으로 치환하지 않음,실제 값 기반 프로파일; 코드 의미는 공식 코드표 없이는 미확정
PRFD01N001,fund_share_class,ofsfd_yn,역외펀드여부,text,YES,23676,0,0.0000%,2,0 | 1,str,코드 또는 분류 개념,RawCodeValue,codeValue,DataProperty,xsd:string,스키마에 명시 없음,실제 전행 존재(스키마상 선택),공식 코드표/설명 칼럼이 없으면 의미를 추정하지 않고 UNMAPPED_CODE로 보존,노드를 생성하지 않으며 false/0/해당없음으로 치환하지 않음,실제 값 기반 프로파일; 코드 의미는 공식 코드표 없이는 미확정
PRFD01N001,fund_share_class,ofwk_trus_rwrd_r,일반사무관리보수,"numeric(20,12)",YES,23676,0,0.0000%,70,0 | 0.1 | 0.15,"float,int",기준일이 있는 관측값,FeeObservation,metricValue,DataProperty,xsd:decimal,스키마에 명시 없음,실제 전행 존재(스키마상 선택),MetricObservation으로 생성; 대응 기준일이 없으면 asOfDate를 생성하지 않음; 0과 결측을 구분,노드를 생성하지 않으며 false/0/해당없음으로 치환하지 않음,실제 값 기반 프로파일; 코드 의미는 공식 코드표 없이는 미확정
PRFD01N001,fund_share_class,or_attr_desc,운용속성구분코드 설명,text,YES,23676,0,0.0000%,14,MMF | 채권형 | 채권혼합,str,관계,AssetType,hasAssetType,ObjectProperty,xsd:string,스키마에 명시 없음,실제 전행 존재(스키마상 선택),원본 문자열/코드를 보존하고 exact 정규화만 수행; fuzzy 병합 금지,노드를 생성하지 않으며 false/0/해당없음으로 치환하지 않음,실제 값 기반 프로파일; 코드 의미는 공식 코드표 없이는 미확정
PRFD01N001,fund_share_class,or_co_rwrd_r,집합투자업자보수,"numeric(20,12)",YES,23676,0,0.0000%,754,2 | 2.5 | 1.9,"float,int",기준일이 있는 관측값,FeeObservation,metricValue,DataProperty,xsd:decimal,스키마에 명시 없음,실제 전행 존재(스키마상 선택),MetricObservation으로 생성; 대응 기준일이 없으면 asOfDate를 생성하지 않음; 0과 결측을 구분,노드를 생성하지 않으며 false/0/해당없음으로 치환하지 않음,실제 값 기반 프로파일; 코드 의미는 공식 코드표 없이는 미확정
PRFD01N001,fund_share_class,or_co_xtn_itt_cd,운용회사대외기관코드,text,YES,23676,0,0.0000%,275,00040011 | 00040024 | 00040010,str,관계,AssetManager,managedBy,ObjectProperty,xsd:string,스키마에 명시 없음,실제 전행 존재(스키마상 선택),원본 문자열/코드를 보존하고 exact 정규화만 수행; fuzzy 병합 금지,노드를 생성하지 않으며 false/0/해당없음으로 치환하지 않음,실제 값 기반 프로파일; 코드 의미는 공식 코드표 없이는 미확정
PRFD01N001,fund_share_class,ovrs_fd_desc,해외펀드구분코드 설명,text,YES,23676,0,0.0000%,4,국내 | 해외 | 국내외혼합,str,코드 또는 분류 개념,RawCodeValue,codeValue,DataProperty,xsd:string,스키마에 명시 없음,실제 전행 존재(스키마상 선택),공식 코드표/설명 칼럼이 없으면 의미를 추정하지 않고 UNMAPPED_CODE로 보존,노드를 생성하지 않으며 false/0/해당없음으로 치환하지 않음,실제 값 기반 프로파일; 코드 의미는 공식 코드표 없이는 미확정
PRFD01N001,fund_share_class,pers_corp_desc,개인법인구분코드 설명,text,YES,23676,0,0.0000%,3,해당없음 | 개인 | 법인,str,코드 또는 분류 개념,RawCodeValue,codeValue,DataProperty,xsd:string,스키마에 명시 없음,실제 전행 존재(스키마상 선택),공식 코드표/설명 칼럼이 없으면 의미를 추정하지 않고 UNMAPPED_CODE로 보존,노드를 생성하지 않으며 false/0/해당없음으로 치환하지 않음,실제 값 기반 프로파일; 코드 의미는 공식 코드표 없이는 미확정
PRFD01N001,fund_share_class,pfiv_sale_cntl_tcd,전문투자자판매제어구분코드,text,YES,23676,0,0.0000%,4,00 | 01 | 03,str,코드 또는 분류 개념,RawCodeValue,codeValue,DataProperty,xsd:string,스키마에 명시 없음,실제 전행 존재(스키마상 선택),공식 코드표/설명 칼럼이 없으면 의미를 추정하지 않고 UNMAPPED_CODE로 보존,노드를 생성하지 않으며 false/0/해당없음으로 치환하지 않음,실제 값 기반 프로파일; 코드 의미는 공식 코드표 없이는 미확정
PRFD01N001,fund_share_class,prfd_attr_cds,펀드별속성코드 목록(쉼표 구분),text,YES,23676,12396,52.3568%,8926,"C101,V101,D102,C103 | C103,D102,V101,C101 | V101,C101,C103,D102",str,코드 또는 분류 개념,RawCodeValue,codeValue,DataProperty,xsd:string,스키마에 명시 없음,조건부,공식 코드표/설명 칼럼이 없으면 의미를 추정하지 않고 UNMAPPED_CODE로 보존,노드를 생성하지 않으며 false/0/해당없음으로 치환하지 않음,실제 값 기반 프로파일; 코드 의미는 공식 코드표 없이는 미확정
PRFD01N001,fund_share_class,prfd_attr_cnt,펀드별속성 개수,text,YES,23676,0,0.0000%,14,0 | 4 | 7,str,상품의 직접 속성,SourceFieldAssertion,rawValue,DataProperty,xsd:string,COUNT,실제 전행 존재(스키마상 선택),원본 값과 정규화 값을 함께 보존; 별도 의미가 확인되기 전 추론에 사용하지 않음,노드를 생성하지 않으며 false/0/해당없음으로 치환하지 않음,실제 값 기반 프로파일; 코드 의미는 공식 코드표 없이는 미확정
PRFD01N001,fund_share_class,prfd_attr_search_text,상품검색용 속성 코드/명칭,text,YES,23676,12396,52.3568%,10573,D102 국내위탁판매 V101 국내 C101 추가 C103 개방 | C101 추가 V101 국내 D102 국내위탁판매 C103 개방 | D102 국내위탁판매 C103 개방 V101 국내 C101 추가,str,현재 온톨로지 의미계층에 미반영,SourceFieldAssertion,rawValue,DataProperty,xsd:string,스키마에 명시 없음,조건부,"검색용 비정규화 중복 문자열; 원본 보존, 의미 관계 생성에는 사용하지 않음",노드를 생성하지 않으며 false/0/해당없음으로 치환하지 않음,실제 값 기반 프로파일; 코드 의미는 공식 코드표 없이는 미확정
PRFD01N001,fund_share_class,prvo_fd_desc,사모펀드구분코드 설명,text,YES,23676,0,0.0000%,4,해당없음 | 일반사모(2015년전) | 일반사모,str,코드 또는 분류 개념,RawCodeValue,codeValue,DataProperty,xsd:string,스키마에 명시 없음,실제 전행 존재(스키마상 선택),공식 코드표/설명 칼럼이 없으면 의미를 추정하지 않고 UNMAPPED_CODE로 보존,노드를 생성하지 않으며 false/0/해당없음으로 치환하지 않음,실제 값 기반 프로파일; 코드 의미는 공식 코드표 없이는 미확정
PRFD01N001,fund_share_class,prvo_pbff_desc,사모/공모구분코드 설명,text,YES,23676,0,0.0000%,2,공모 | 사모,str,코드 또는 분류 개념,OfferingType,hasOfferingType,ObjectProperty,xsd:string,스키마에 명시 없음,실제 전행 존재(스키마상 선택),공모/사모 명시값만 PUBLIC/PRIVATE에 매핑,노드를 생성하지 않으며 false/0/해당없음으로 치환하지 않음,실제 값 기반 프로파일; 코드 의미는 공식 코드표 없이는 미확정
PRFD01N001,fund_share_class,rptt_ksd_itm_no,대표예탁원종목번호,text,YES,23676,120,0.5068%,6885,KR0000000000 | 030410046605 | 030480253870,str,식별자,ProductIdentifier,identifierValue,DataProperty,xsd:string,스키마에 명시 없음,조건부,identifierType=REPRESENTATIVE_KSD_ID (FundPortfolio); null/blank=MISSING; KR0000000000 및 000000000000=SENTINEL; 기타 비12자리 영숫자=INVALID; 모두 raw를 보존하고 parent identity는 생성하지 않음,노드를 생성하지 않으며 false/0/해당없음으로 치환하지 않음,실제 값 기반 프로파일; 코드 의미는 공식 코드표 없이는 미확정
PRFD01N001,fund_share_class,sale_co_rwrd_r,판매회사보수,"numeric(20,12)",YES,23676,0,0.0000%,769,2.025 | 8 | 10,"float,int",기준일이 있는 관측값,FeeObservation,metricValue,DataProperty,xsd:decimal,스키마에 명시 없음,실제 전행 존재(스키마상 선택),MetricObservation으로 생성; 대응 기준일이 없으면 asOfDate를 생성하지 않음; 0과 결측을 구분,노드를 생성하지 않으며 false/0/해당없음으로 치환하지 않음,실제 값 기반 프로파일; 코드 의미는 공식 코드표 없이는 미확정
PRFD01N001,fund_share_class,sale_yn,판매여부,text,YES,23676,0,0.0000%,2,판매완료 | 판매중,str,코드 또는 분류 개념,SubscriptionStatus,subscriptionStatus,ObjectProperty,xsd:string,OPEN_FOR_SUBSCRIPTION | CLOSED_FOR_SUBSCRIPTION,실제 전행 존재(스키마상 선택),판매중/판매완료만 FundShareClass 가입·추가매수 상태로 변환; 청산·환매 상태를 추론하지 않음,노드를 생성하지 않으며 false/0/해당없음으로 치환하지 않음,주최 측 확정 의미; 원본 assertion과 canonical classification fact 연결
PRFD01N001,fund_share_class,std_itm_no,표준종목번호,text,YES,23676,4357,18.4026%,18947,KR5205363884 | KR5205103363 | KR5205102944,str,식별자,ProductIdentifier,identifierValue,DataProperty,xsd:string,스키마에 명시 없음,조건부,identifierType=ISIN; 빈 값과 0/전부 0 sentinel은 identity에 사용하지 않고 원본 assertion에 보존; 형식 검증 상태를 별도 기록,노드를 생성하지 않으며 false/0/해당없음으로 치환하지 않음,실제 값 기반 프로파일; 코드 의미는 공식 코드표 없이는 미확정
PRFD01N001,fund_share_class,thco_sale_yn,당사판매여부,text,YES,23676,13079,55.2416%,1,Y,str,상품의 직접 속성,FundShareClass,isSoldByMiraeAsset,DataProperty,xsd:boolean,Y | N,조건부,Y=true; N=false; NULL/빈값/기타는 canonical boolean fact를 생성하지 않음,노드를 생성하지 않으며 false/0/해당없음으로 치환하지 않음,주최 측 확정 의미; 원본 assertion과 canonical scalar fact 연결
PRFD01N001,fund_share_class,trusc_rwrd_r,신탁업자보수,"numeric(20,12)",YES,23676,0,0.0000%,96,0.35 | 0.5 | 0.1,"float,int",기준일이 있는 관측값,FeeObservation,metricValue,DataProperty,xsd:decimal,스키마에 명시 없음,실제 전행 존재(스키마상 선택),MetricObservation으로 생성; 대응 기준일이 없으면 asOfDate를 생성하지 않음; 0과 결측을 구분,노드를 생성하지 않으며 false/0/해당없음으로 치환하지 않음,실제 값 기반 프로파일; 코드 의미는 공식 코드표 없이는 미확정
PRFD01N001,fund_share_class,trusc_xtn_itt_cd,수탁회사대외기관코드,text,YES,23676,42,0.1774%,50,00020081 | 00020004 | 99999999,str,관계,Trustee,heldInTrustBy,ObjectProperty,xsd:string,스키마에 명시 없음,조건부,원본 문자열/코드를 보존하고 exact 정규화만 수행; fuzzy 병합 금지,노드를 생성하지 않으며 false/0/해당없음으로 치환하지 않음,실제 값 기반 프로파일; 코드 의미는 공식 코드표 없이는 미확정
PRFD01N001,fund_share_class,zrin_attr_nms,제로인속성명 목록(쉼표 구분),text,YES,23676,12396,52.3568%,10577,"추가,국내,개방,국내위탁판매 | 국내,추가,국내위탁판매,개방 | 국내,추가,개방,국내위탁판매",str,코드 또는 분류 개념,RawCodeValue,codeValue,DataProperty,xsd:string,스키마에 명시 없음,조건부,공식 코드표/설명 칼럼이 없으면 의미를 추정하지 않고 UNMAPPED_CODE로 보존,노드를 생성하지 않으며 false/0/해당없음으로 치환하지 않음,실제 값 기반 프로파일; 코드 의미는 공식 코드표 없이는 미확정
PRFD01N001,fund_share_class,zrin_btyp_cd,제로인대유형코드,text,YES,23676,12395,52.3526%,18,29 | 11 | 51,str,코드 또는 분류 개념,RawCodeValue,codeValue,DataProperty,xsd:string,스키마에 명시 없음,조건부,공식 코드표/설명 칼럼이 없으면 의미를 추정하지 않고 UNMAPPED_CODE로 보존,노드를 생성하지 않으며 false/0/해당없음으로 치환하지 않음,실제 값 기반 프로파일; 코드 의미는 공식 코드표 없이는 미확정
PRFD01N001,fund_share_class,zrin_btyp_nm,제로인대유형명,text,YES,23676,12395,52.3526%,18,기타 | MMF | 외화 MMF,str,상품의 직접 속성,SourceFieldAssertion,rawValue,DataProperty,xsd:string,스키마에 명시 없음,조건부,원본 값과 정규화 값을 함께 보존; 별도 의미가 확인되기 전 추론에 사용하지 않음,노드를 생성하지 않으며 false/0/해당없음으로 치환하지 않음,실제 값 기반 프로파일; 코드 의미는 공식 코드표 없이는 미확정
PRFD01N001,fund_share_class,zrin_dmst_bd_cmst_rt,제로인국내채권구성비율,"numeric(26,12)",YES,23676,14263,60.2424%,283,29.58 | 0 | 84.49,"float,int",기준일이 있는 관측값,AssetAllocationObservation,metricValue,DataProperty,xsd:decimal,PERCENT (스키마 의미 기준; 값 범위 자동 환산 금지),조건부,MetricObservation으로 생성; 대응 기준일이 없으면 asOfDate를 생성하지 않음; 0과 결측을 구분,노드를 생성하지 않으며 false/0/해당없음으로 치환하지 않음,실제 값 기반 프로파일; 코드 의미는 공식 코드표 없이는 미확정
PRFD01N001,fund_share_class,zrin_dmst_stk_cmst_rt,제로인국내주식구성비율,"numeric(26,12)",YES,23676,14263,60.2424%,336,0 | 2.21 | 16.2,"float,int",기준일이 있는 관측값,AssetAllocationObservation,metricValue,DataProperty,xsd:decimal,PERCENT (스키마 의미 기준; 값 범위 자동 환산 금지),조건부,MetricObservation으로 생성; 대응 기준일이 없으면 asOfDate를 생성하지 않음; 0과 결측을 구분,노드를 생성하지 않으며 false/0/해당없음으로 치환하지 않음,실제 값 기반 프로파일; 코드 의미는 공식 코드표 없이는 미확정
PRFD01N001,fund_share_class,zrin_etc_ast_cmst_rt,제로인기타자산구성비율,"numeric(26,12)",YES,23676,14263,60.2424%,917,29.45 | 2.21 | 12.82,"float,int",기준일이 있는 관측값,AssetAllocationObservation,metricValue,DataProperty,xsd:decimal,PERCENT (스키마 의미 기준; 값 범위 자동 환산 금지),조건부,MetricObservation으로 생성; 대응 기준일이 없으면 asOfDate를 생성하지 않음; 0과 결측을 구분,노드를 생성하지 않으며 false/0/해당없음으로 치환하지 않음,실제 값 기반 프로파일; 코드 의미는 공식 코드표 없이는 미확정
PRFD01N001,fund_share_class,zrin_fd_cmst_rt,제로인펀드구성비율,"numeric(26,12)",YES,23676,14263,60.2424%,1136,0 | 95.09 | 93.55,"float,int",기준일이 있는 관측값,AssetAllocationObservation,metricValue,DataProperty,xsd:decimal,PERCENT (스키마 의미 기준; 값 범위 자동 환산 금지),조건부,MetricObservation으로 생성; 대응 기준일이 없으면 asOfDate를 생성하지 않음; 0과 결측을 구분,노드를 생성하지 않으며 false/0/해당없음으로 치환하지 않음,실제 값 기반 프로파일; 코드 의미는 공식 코드표 없이는 미확정
PRFD01N001,fund_share_class,zrin_fd_ivst_risk_gcd,제로인펀드투자위험등급코드,text,NO,23676,14987,63.3004%,6,6 | 5 | 2,str,코드 또는 분류 개념,RawCodeValue,codeValue,DataProperty,xsd:string,스키마에 명시 없음,조건부,"공식 코드표/설명 칼럼이 없으면 의미를 추정하지 않고 UNMAPPED_CODE로 보존; 스키마 Nullable=NO와 실제 결측 14,987건 충돌",노드를 생성하지 않으며 false/0/해당없음으로 치환하지 않음,실제 값 기반 프로파일; 코드 의미는 공식 코드표 없이는 미확정
PRFD01N001,fund_share_class,zrin_fd_ivst_risk_grd_nm,제로인펀드투자위험등급명,text,YES,23676,14987,63.3004%,8,매우 낮은 위험 | 낮은 위험 | 높은 위험,str,관계,RiskGrade,hasRiskGrade,ObjectProperty,xsd:string,스키마에 명시 없음,조건부,원본 문자열/코드를 보존하고 exact 정규화만 수행; fuzzy 병합 금지,노드를 생성하지 않으며 false/0/해당없음으로 치환하지 않음,실제 값 기반 프로파일; 코드 의미는 공식 코드표 없이는 미확정
PRFD01N001,fund_share_class,zrin_liqt_cmst_rt,제로인유동성구성비율,"numeric(26,12)",YES,23676,14263,60.2424%,973,40.97 | 0 | 0.48,"float,int",기준일이 있는 관측값,AssetAllocationObservation,metricValue,DataProperty,xsd:decimal,PERCENT (스키마 의미 기준; 값 범위 자동 환산 금지),조건부,MetricObservation으로 생성; 대응 기준일이 없으면 asOfDate를 생성하지 않음; 0과 결측을 구분,노드를 생성하지 않으며 false/0/해당없음으로 치환하지 않음,실제 값 기반 프로파일; 코드 의미는 공식 코드표 없이는 미확정
PRFD01N001,fund_share_class,zrin_ovrs_bd_cmst_rt,제로인해외채권구성비율,"numeric(26,12)",YES,23676,14263,60.2424%,15,0 | 97.79 | 99.79,"float,int",기준일이 있는 관측값,AssetAllocationObservation,metricValue,DataProperty,xsd:decimal,PERCENT (스키마 의미 기준; 값 범위 자동 환산 금지),조건부,MetricObservation으로 생성; 대응 기준일이 없으면 asOfDate를 생성하지 않음; 0과 결측을 구분,노드를 생성하지 않으며 false/0/해당없음으로 치환하지 않음,실제 값 기반 프로파일; 코드 의미는 공식 코드표 없이는 미확정
PRFD01N001,fund_share_class,zrin_ovrs_stk_cmst_rt,제로인해외주식구성비율,"numeric(26,12)",YES,23676,14263,60.2424%,106,0 | 95.23 | 88.22,"float,int",기준일이 있는 관측값,AssetAllocationObservation,metricValue,DataProperty,xsd:decimal,PERCENT (스키마 의미 기준; 값 범위 자동 환산 금지),조건부,MetricObservation으로 생성; 대응 기준일이 없으면 asOfDate를 생성하지 않음; 0과 결측을 구분,노드를 생성하지 않으며 false/0/해당없음으로 치환하지 않음,실제 값 기반 프로파일; 코드 의미는 공식 코드표 없이는 미확정
PRFD01N001,fund_share_class,zrin_pcd,제로인유형코드,text,YES,23676,12395,52.3526%,104,29920 | 11010 | 51010,str,코드 또는 분류 개념,RawCodeValue,codeValue,DataProperty,xsd:string,스키마에 명시 없음,조건부,공식 코드표/설명 칼럼이 없으면 의미를 추정하지 않고 UNMAPPED_CODE로 보존,노드를 생성하지 않으며 false/0/해당없음으로 치환하지 않음,실제 값 기반 프로파일; 코드 의미는 공식 코드표 없이는 미확정
PRFD01N001,fund_share_class,zrin_ptn_nm,제로인유형명,text,YES,23676,12395,52.3526%,102,영구미분류 | MMF | 외화 MMF(USD),str,상품의 직접 속성,SourceFieldAssertion,rawValue,DataProperty,xsd:string,스키마에 명시 없음,조건부,원본 값과 정규화 값을 함께 보존; 별도 의미가 확인되기 전 추론에 사용하지 않음,노드를 생성하지 않으며 false/0/해당없음으로 치환하지 않음,실제 값 기반 프로파일; 코드 의미는 공식 코드표 없이는 미확정
